index	label	name	hemisphere	lobe	cortex_type	region_id	r	g	b	x_cog	y_cog	z_cog	volume_mm3
1	V1_L	Primary_Visual_Cortex_L	L	Occ	Primary_Visual	1.0	216	117	0	100.491589	41.138901	71.63704	6717.0
2	V2_L	Second_Visual_Area_L	L	Occ	Early_Visual	4.0	50	224	0	102.236656	44.064791	74.401125	6220.0
3	V3_L	Third_Visual_Area_L	L	Occ	Early_Visual	5.0	58	133	0	107.926111	40.632159	76.961153	4994.0
4	V4_L	Fourth_Visual_Area_L	L	Occ	Early_Visual	6.0	44	241	0	120.481621	41.344329	69.955702	3183.0
5	IPS1_L	IntraParietal_Sulcus_Area_1_L	L	Par	Dorsal_Stream_Visual	17.0	59	163	0	114.19184	51.537326	110.430556	1152.0
6	V3A_L	Area_V3A_L	L	Occ	Dorsal_Stream_Visual	13.0	112	245	0	104.528505	33.597072	99.335131	1298.0
7	V3B_L	Area_V3B_L	L	Occ	Dorsal_Stream_Visual	19.0	80	62	0	117.755656	42.828054	88.434389	442.0
8	V6_L	Sixth_Visual_Area_L	L	Occ	Dorsal_Stream_Visual	3.0	236	173	0	104.543112	44.481665	103.916749	1009.0
9	V6A_L	Area_V6A_L	L	Occ	Dorsal_Stream_Visual	152.0	110	74	0	112.534483	39.66092	114.188218	696.0
10	V7_L	Seventh_Visual_Area_L	L	Occ	Dorsal_Stream_Visual	16.0	48	172	0	114.850993	39.443709	100.271523	604.0
11	FFC_L	Fusiform_Face_Complex_L	L	Temp	Ventral_Stream_Visual	18.0	231	178	0	133.940136	69.78536	52.618797	3224.0
12	PIT_L	Posterior_InferoTemporal_complex_L	L	Occ	Ventral_Stream_Visual	22.0	250	18	0	137.394161	48.92805	61.153285	959.0
13	V8_L	Eighth_Visual_Area_L	L	Occ	Ventral_Stream_Visual	7.0	112	65	0	123.013193	51.8927	56.759015	1137.0
14	VMV1_L	VentroMedial_Visual_Area_1_L	L	Occ	Ventral_Stream_Visual	153.0	29	58	0	110.244105	74.319001	64.307906	721.0
15	VMV2_L	VentroMedial_Visual_Area_2_L	L	Occ	Ventral_Stream_Visual	160.0	66	171	0	119.360502	74.39185	66.366771	319.0
16	VMV3_L	VentroMedial_Visual_Area_3_L	L	Occ	Ventral_Stream_Visual	154.0	105	216	0	119.618762	64.508982	61.017964	501.0
17	VVC_L	Ventral_Visual_Complex_L	L	Temp	Ventral_Stream_Visual	163.0	152	88	0	121.913003	74.920407	53.816752	2161.0
18	FST_L	Area_FST_L	L	Occ	MT+_Complex_and_Neighboring_Visual_Areas	157.0	67	200	0	137.648765	57.787325	76.535983	931.0
19	LO1_L	Area_Lateral_Occipital_1_L	L	Occ	MT+_Complex_and_Neighboring_Visual_Areas	20.0	154	173	0	132.592541	39.361878	78.374309	724.0
20	LO2_L	Area_Lateral_Occipital_2_L	L	Occ	MT+_Complex_and_Neighboring_Visual_Areas	21.0	182	2	0	137.691983	45.555907	68.914557	948.0
21	LO3_L	Area_Lateral_Occipital_3_L	L	Occ	MT+_Complex_and_Neighboring_Visual_Areas	159.0	57	154	0	136.842415	48.964654	85.864507	679.0
22	MST_L	Medial_Superior_Temporal_Area_L	L	Occ	MT+_Complex_and_Neighboring_Visual_Areas	2.0	30	99	0	132.416667	58.901786	82.059524	336.0
23	MT_L	Middle_Temporal_Area_L	L	Occ	MT+_Complex_and_Neighboring_Visual_Areas	23.0	76	234	0	133.489855	55.521739	82.907246	345.0
24	PH_L	Area_PH_L	L	Temp	MT+_Complex_and_Neighboring_Visual_Areas	138.0	82	1	0	139.578644	61.953921	65.579087	2257.0
25	V3CD_L	Area_V3CD_L	L	Occ	MT+_Complex_and_Neighboring_Visual_Areas	158.0	109	118	0	125.152542	36.195686	81.429892	649.0
26	V4t_L	Area_V4t_L	L	Occ	MT+_Complex_and_Neighboring_Visual_Areas	156.0	130	109	0	138.695811	48.185792	74.724954	549.0
27	1_L	Area_1_L	L	Par	Somatosensory_and_Motor	51.0	22	118	0	138.150337	99.962157	127.34085	3858.0
28	2_L	Area_2_L	L	Par	Somatosensory_and_Motor	52.0	67	197	0	129.508165	92.68818	123.900078	2572.0
29	3a_L	Area_3a_L	L	Fr	Somatosensory_and_Motor	53.0	205	83	0	125.373109	105.0	114.733613	1190.0
30	3b_L	Primary_Sensory_Cortex_L	L	Par	Somatosensory_and_Motor	9.0	8	201	0	129.664059	103.257279	123.682747	2301.0
31	4_L	Primary_Motor_Cortex_L	L	Fr	Somatosensory_and_Motor	8.0	237	121	0	119.338359	105.485002	126.65561	6301.0
32	23c_L	Area_23c_L	L	Par	Paracentral_Lobular_and_Mid_Cingulate	38.0	187	10	0	102.515493	96.142723	113.688263	1065.0
33	24dd_L	Dorsal_Area_24d_L	L	Fr	Paracentral_Lobular_and_Mid_Cingulate	40.0	125	45	0	96.658505	110.468299	121.557499	2287.0
34	24dv_L	Ventral_Area_24d_L	L	Fr	Paracentral_Lobular_and_Mid_Cingulate	41.0	148	185	0	100.068306	126.534153	115.301913	732.0
35	5L_L	Area_5L_L	L	Par	Paracentral_Lobular_and_Mid_Cingulate	39.0	61	121	0	105.121097	76.89642	144.418888	1313.0
36	5m_L	Area_5m_L	L	Par	Paracentral_Lobular_and_Mid_Cingulate	36.0	118	39	0	96.894004	83.917559	134.828694	934.0
37	5mv_L	Area_5m_ventral_L	L	Par	Paracentral_Lobular_and_Mid_Cingulate	37.0	246	87	0	104.643979	88.134031	121.951832	955.0
38	6ma_L	Area_6m_anterior_L	L	Fr	Paracentral_Lobular_and_Mid_Cingulate	44.0	140	155	0	110.592627	130.136617	139.421933	3228.0
39	6mp_L	Area_6mp_L	L	Fr	Paracentral_Lobular_and_Mid_Cingulate	55.0	133	49	0	100.026417	110.678674	141.063401	2082.0
40	SCEF_L	Supplementary_and_Cingulate_Eye_Field_L	L	Fr	Paracentral_Lobular_and_Mid_Cingulate	43.0	60	189	0	96.643496	131.532274	128.125124	3021.0
41	55b_L	Area_55b_L	L	Fr	Premotor	12.0	125	62	0	138.865752	124.683174	122.399165	1676.0
42	6a_L	Area_6_anterior_L	L	Fr	Premotor	96.0	160	234	0	115.421955	121.769876	126.648432	2742.0
43	6d_L	Dorsal_area_6_L	L	Fr	Premotor	54.0	174	69	0	124.128205	111.937022	138.11426	2223.0
44	6r_L	Rostral_Area_6_L	L	Fr	Premotor	78.0	101	196	0	143.753559	132.158363	88.451957	2248.0
45	6v_L	Ventral_Area_6_L	L	Fr	Premotor	56.0	94	49	0	149.799006	129.681108	103.925426	1408.0
46	FEF_L	Frontal_Eye_Fields_L	L	Fr	Premotor	10.0	252	74	0	132.579336	118.837638	121.922509	813.0
47	PEF_L	Premotor_Eye_Field_L	L	Fr	Premotor	11.0	10	24	0	136.772664	125.582985	112.956764	717.0
48	43_L	Area_43_L	L	Fr	Posterior_Opercular	99.0	226	147	0	147.447146	125.598309	80.808668	946.0
49	FOP1_L	Frontal_Opercular_Area_1_L	L	Fr	Posterior_Opercular	113.0	233	175	0	140.305709	128.198895	75.653775	543.0
50	OP1_L	Area_OP1-SII_L	L	Par	Posterior_Opercular	101.0	204	140	0	138.126662	103.983905	90.311407	1429.0
51	OP2-3_L	Area_OP2-3-VS_L	L	Par	Posterior_Opercular	102.0	26	109	0	131.5	109.658263	89.165266	714.0
52	OP4_L	Area_OP4-PV_L	L	Par	Posterior_Opercular	100.0	67	165	0	151.038095	113.658333	86.099405	1680.0
53	52_L	Area_52_L	L	Temp	Early_Auditory	103.0	86	166	0	130.277162	105.017738	70.645233	451.0
54	A1_L	Primary_Auditory_Cortex_L	L	Temp	Early_Auditory	24.0	174	174	0	135.998896	101.994481	82.398455	906.0
55	LBelt_L	Lateral_Belt_Complex_L	L	Temp	Early_Auditory	174.0	35	163	0	136.829565	99.368696	79.617391	575.0
56	MBelt_L	Medial_Belt_Complex_L	L	Temp	Early_Auditory	173.0	184	242	0	136.939267	110.757068	73.956021	955.0
57	PBelt_L	ParaBelt_Complex_L	L	Temp	Early_Auditory	124.0	28	54	0	144.62098	100.147014	79.898162	1306.0
58	PFcm_L	Area_PFcm_L	L	Par	Early_Auditory	105.0	167	181	0	141.793228	93.845101	92.239193	1388.0
59	RI_L	RetroInsular_Cortex_L	L	Par	Early_Auditory	104.0	127	61	0	130.666225	90.109934	91.313907	755.0
60	A4_L	Auditory_4_Complex_L	L	Temp	Auditory_Association	175.0	199	31	0	155.165477	104.292219	78.188243	2943.0
61	A5_L	Auditory_5_Complex_L	L	Temp	Auditory_Association	125.0	183	155	0	152.259123	112.858549	68.432144	2439.0
62	STGa_L	Area_STGa_L	L	Temp	Auditory_Association	123.0	231	115	0	139.957301	140.979968	50.18292	1897.0
63	STSda_L	Area_STSd_anterior_L	L	Temp	Auditory_Association	128.0	228	117	0	143.831461	123.554073	57.391854	1424.0
64	STSdp_L	Area_STSd_posterior_L	L	Temp	Auditory_Association	129.0	86	169	0	143.062832	94.156637	72.083186	1130.0
65	STSva_L	Area_STSv_anterior_L	L	Temp	Auditory_Association	176.0	179	197	0	142.689243	118.134462	52.832669	1004.0
66	STSvp_L	Area_STSv_posterior_L	L	Temp	Auditory_Association	130.0	51	90	0	146.913625	91.085158	67.189173	1644.0
67	TA2_L	Area_TA2_L	L	Temp	Auditory_Association	107.0	8	169	0	141.08604	129.967515	63.526778	1139.0
68	AAIC_L	Anterior_Agranular_Insula_Complex_L	L	Ins	Insular_and_Frontal_Opercular	112.0	190	107	0	126.225504	139.71902	60.595101	1388.0
69	AVI_L	Anterior_Ventral_Insular_Area_L	L	Fr	Insular_and_Frontal_Opercular	111.0	128	215	0	121.113485	150.508678	67.823765	749.0
70	FOP2_L	Frontal_Opercular_Area_2_L	L	Fr	Insular_and_Frontal_Opercular	115.0	123	213	0	133.704403	121.251572	85.752621	477.0
71	FOP3_L	Frontal_Opercular_Area_3_L	L	Ins	Insular_and_Frontal_Opercular	114.0	231	66	0	126.0	128.96978	84.425824	364.0
72	FOP4_L	Frontal_Opercular_Area_4_L	L	Fr	Insular_and_Frontal_Opercular	108.0	156	157	0	133.429119	138.892173	76.685824	1827.0
73	FOP5_L	Area_Frontal_Opercular_5_L	L	Fr	Insular_and_Frontal_Opercular	169.0	158	149	0	125.928129	152.826518	75.615861	807.0
74	Ig_L	Insular_Granular_Complex_L	L	Ins	Insular_and_Frontal_Opercular	168.0	220	138	0	126.25974	110.064935	86.446429	616.0
75	MI_L	Middle_Insular_Area_L	L	Ins	Insular_and_Frontal_Opercular	109.0	206	222	0	127.923709	136.443075	73.143779	1704.0
76	PI_L	Para-Insular_Area_L	L	Temp	Insular_and_Frontal_Opercular	178.0	148	68	0	134.650549	124.293407	56.102198	910.0
77	Pir_L	Pirform_Cortex_L	L	Temp	Insular_and_Frontal_Opercular	110.0	47	82	0	122.938706	130.870602	53.682179	881.0
78	PoI1_L	Area_Posterior_Insular_1_L	L	Ins	Insular_and_Frontal_Opercular	167.0	62	31	0	129.839378	113.685665	68.664076	1158.0
79	PoI2_L	Posterior_Insular_Area_2_L	L	Ins	Insular_and_Frontal_Opercular	106.0	227	240	0	131.140744	121.382156	71.041031	2096.0
80	H_L	Hippocampus_L	L	Temp	Medial_Temporal	120.0	8	165	0	120.203438	102.589542	54.63467	1396.0
81	PreS_L	PreSubiculum_L	L	Temp	Medial_Temporal	119.0	43	164	0	109.856877	94.634758	60.597584	1076.0
82	EC_L	Entorhinal_Cortex_L	L	Temp	Medial_Temporal	118.0	250	139	0	111.463631	115.664695	42.698403	1691.0
83	PeEc_L	Perirhinal_Ectorhinal_Cortex_L	L	Temp	Medial_Temporal	122.0	182	166	0	120.292051	116.757071	38.222388	3359.0
84	TF_L	Area_TF_L	L	Temp	Medial_Temporal	135.0	128	139	0	132.406298	105.142089	41.219662	2604.0
85	PHA1_L	ParaHippocampal_Area_1_L	L	Temp	Medial_Temporal	126.0	121	184	0	111.705833	90.678333	55.309167	1200.0
86	PHA2_L	ParaHippocampal_Area_2_L	L	Temp	Medial_Temporal	155.0	16	134	0	121.389831	90.169492	58.122881	236.0
87	PHA3_L	ParaHippocampal_Area_3_L	L	Temp	Medial_Temporal	127.0	174	254	0	124.479062	90.840871	51.123953	1194.0
88	PHT_L	Area_PHT_L	L	Temp	Lateral_Temporal	137.0	11	56	0	150.083714	66.180795	74.12733	2843.0
89	TE1a_L	Area_TE1_anterior_L	L	Temp	Lateral_Temporal	132.0	19	27	0	150.202228	122.362624	47.172277	4040.0
90	TE1m_L	Area_TE1_Middle_L	L	Temp	Lateral_Temporal	177.0	134	28	0	155.554922	101.395287	54.901178	2631.0
91	TE1p_L	Area_TE1_posterior_L	L	Temp	Lateral_Temporal	133.0	25	17	0	152.940325	78.805713	61.515946	5111.0
92	TE2a_L	Area_TE2_anterior_L	L	Temp	Lateral_Temporal	134.0	209	104	0	148.079856	104.370685	42.029109	3882.0
93	TE2p_L	Area_TE2_posterior_L	L	Temp	Lateral_Temporal	136.0	209	115	0	142.182155	83.665679	49.921881	2701.0
94	TGd_L	Area_TG_dorsal_L	L	Temp	Lateral_Temporal	131.0	185	94	0	127.26011	137.751977	35.261304	6701.0
95	TGv_L	Area_TG_Ventral_L	L	Temp	Lateral_Temporal	172.0	39	195	0	127.497751	123.922939	25.901949	3335.0
96	PSL_L	PeriSylvian_Language_Area_L	L	Par	Temporo-Parieto_Occipital_Junction	25.0	169	161	0	150.183112	78.426117	97.249877	2037.0
97	STV_L	Superior_Temporal_Visual_Area_L	L	Par	Temporo-Parieto-Occipital_Junction	28.0	133	197	0	152.198435	74.187814	89.932923	1789.0
98	TPOJ1_L	Area_TemporoParietoOccipital_Junction_1_L	L	Temp	Temporo-Parieto-Occipital_Junction	139.0	249	238	0	144.16796	79.669019	81.137615	1417.0
99	TPOJ2_L	Area_TemporoParietoOccipital_Junction_2_L	L	Par	Temporo-Parieto-Occipital_Junction	140.0	166	249	0	143.28	62.095686	87.299608	1275.0
100	TPOJ3_L	Area_TemporoParietoOccipital_Junction_3_L	L	Occ	Temporo-Parieto-Occipital_Junction	141.0	205	49	0	133.675835	54.257367	91.510806	509.0
101	7AL_L	Lateral_Area_7A_L	L	Par	Superior_Parietal	42.0	116	36	0	112.239867	73.178073	137.489037	1505.0
102	7Am_L	Medial_Area_7A_L	L	Par	Superior_Parietal	45.0	111	178	0	97.517305	65.146285	132.871251	2167.0
103	7PC_L	Area_7PC_L	L	Par	Superior_Parietal	47.0	211	24	0	128.238394	78.294856	131.844417	2391.0
104	7Pl_L	Lateral_Area_7P_L	L	Par	Superior_Parietal	46.0	22	134	0	105.278114	51.702539	127.938331	827.0
105	7Pm_L	Medial_Area_7P_L	L	Par	Superior_Parietal	29.0	34	136	0	95.248227	58.274232	121.498818	846.0
106	AIP_L	Anterior_IntraParietal_Area_L	L	Par	Superior_Parietal	117.0	45	220	0	130.372549	87.01364	112.687127	1173.0
107	LIPd_L	Area_Lateral_IntraParietal_dorsal_L	L	Par	Superior_Parietal	95.0	100	124	0	120.72028	70.784965	112.674825	572.0
108	LIPv_L	Area_Lateral_IntraParietal_ventral_L	L	Par	Superior_Parietal	48.0	213	101	0	121.655546	69.556357	124.250676	1109.0
109	MIP_L	Medial_IntraParietal_Area_L	L	Par	Superior_Parietal	50.0	205	172	0	115.970641	58.793594	119.152135	1124.0
110	VIP_L	Ventral_IntraParietal_Complex_L	L	Par	Superior_Parietal	49.0	16	190	0	114.787443	60.903859	134.815566	1529.0
111	IP0_L	Area_IntraParietal_0_L	L	Occ	Inferior_Parietal	146.0	102	133	0	122.033257	45.806193	97.033257	872.0
112	IP1_L	Area_IntraParietal_1_L	L	Par	Inferior_Parietal	145.0	135	89	0	121.635182	55.480069	111.34922	1154.0
113	IP2_L	Area_IntraParietal_2_L	L	Par	Inferior_Parietal	144.0	107	39	0	131.750374	77.285501	114.758595	1338.0
114	PF_L	Area_PF_Complex_L	L	Par	Inferior_Parietal	148.0	168	150	0	151.894297	89.867502	108.288348	4068.0
115	PFm_L	Area_PFm_Complex_L	L	Par	Inferior_Parietal	149.0	161	67	0	140.702334	70.065862	118.414359	5056.0
116	PFop_L	Area_PF_Opercular_L	L	Par	Inferior_Parietal	147.0	75	12	0	154.842679	102.913551	96.221963	1284.0
117	PFt_L	Area_PFt_L	L	Par	Inferior_Parietal	116.0	111	193	0	146.277662	100.807933	106.926931	958.0
118	PGi_L	Area_PGi_L	L	Par	Inferior_Parietal	150.0	4	62	0	138.62727	61.299798	99.072355	3469.0
119	PGp_L	Area_PGp_L	L	Occ	Inferior_Parietal	143.0	251	113	0	129.425332	40.278761	94.142146	1808.0
120	PGs_L	Area_PGs_L	L	Par	Inferior_Parietal	151.0	43	176	0	131.808463	48.857461	110.436526	3143.0
121	23d_L	Area_23d_L	L	Par	Posterior_Cingulate	32.0	28	92	0	93.867052	106.364162	109.955684	1038.0
122	31a_L	Area_31a_L	L	Par	Posterior_Cingulate	162.0	95	188	0	95.984389	88.707989	115.960514	1089.0
123	31pd_L	Area_31pd_L	L	Par	Posterior_Cingulate	161.0	51	101	0	102.136519	73.851536	106.767918	586.0
124	31pv_L	Area_31p_ventral_L	L	Par	Posterior_Cingulate	35.0	125	175	0	100.042751	81.552045	104.622677	538.0
125	7m_L	Area_7m_L	L	Par	Posterior_Cingulate	30.0	87	180	0	95.552556	64.056289	105.57668	1741.0
126	d23ab_L	Area_dorsal_23_a+b_L	L	Par	Posterior_Cingulate	34.0	243	113	0	93.768848	84.202983	102.524441	1207.0
127	DVT_L	Dorsal_Transitional_Visual_Area_L	L	Occ	Posterior_Cingulate	142.0	235	5	0	108.042324	53.086307	103.566805	1205.0
128	PCV_L	PreCuneus_Visual_Area_L	L	Par	Posterior_Cingulate	27.0	14	85	0	96.358639	76.151178	120.194372	1528.0
129	POS1_L	Parieto-Occipital_Sulcus_Area_1_L	L	Par	Posterior_Cingulate	31.0	189	109	0	101.731298	67.452417	84.880916	1965.0
130	POS2_L	Parieto-Occipital_Sulcus_Area_2_L	L	Occ	Posterior_Cingulate	15.0	69	69	0	98.677433	53.233641	109.394715	2384.0
131	ProS_L	ProStriate_Area_L	L	Par	Posterior_Cingulate	121.0	108	51	0	112.538922	71.057884	75.091816	501.0
132	RSC_L	RetroSplenial_Complex_L	L	Par	Posterior_Cingulate	14.0	140	210	0	96.918149	86.60261	88.986951	843.0
133	v23ab_L	Area_ventral_23_a+b_L	L	Par	Posterior_Cingulate	33.0	241	110	0	94.704348	70.024638	91.217391	690.0
134	10r_L	Area_10r_L	L	Fr	Anterior_Cingulate_and_Medial_Prefrontal	65.0	107	227	0	96.816092	176.014368	59.294061	1044.0
135	10v_L	Area_10v_L	L	Fr	Anterior_Cingulate_and_Medial_Prefrontal	88.0	251	100	0	95.085146	179.625174	52.61453	2161.0
136	25_L	Area_25_L	L	Fr	Anterior_Cingulate_and_Medial_Prefrontal	164.0	77	197	0	95.291898	147.049945	57.497225	901.0
137	33pr_L	Area_33_prime_L	L	Fr	Anterior_Cingulate_and_Medial_Prefrontal	58.0	179	102	0	94.083624	134.923345	100.006969	287.0
138	8BM_L	Area_8BM_L	L	Fr	Anterior_Cingulate_and_Medial_Prefrontal	63.0	170	207	0	95.909177	158.968616	116.162149	2103.0
139	9m_L	Area_9_Middle_L	L	Fr	Anterior_Cingulate_and_Medial_Prefrontal	69.0	138	193	0	97.019809	180.108831	93.67494	4190.0
140	a24_L	Area_a24_L	L	Fr	Anterior_Cingulate_and_Medial_Prefrontal	61.0	179	97	0	96.046431	166.310464	66.976438	1443.0
141	a24pr_L	Anterior_24_prime_L	L	Fr	Anterior_Cingulate_and_Medial_Prefrontal	59.0	170	56	0	95.249415	144.104215	101.338407	854.0
142	a32pr_L	Area_anterior_32_prime_L	L	Fr	Anterior_Cingulate_and_Medial_Prefrontal	179.0	46	202	0	97.782313	155.883735	101.53927	1617.0
143	d32_L	Area_dorsal_32_L	L	Fr	Anterior_Cingulate_and_Medial_Prefrontal	62.0	33	243	0	98.638734	168.099317	96.929236	1611.0
144	p24_L	Area_posterior_24_L	L	Fr	Anterior_Cingulate_and_Medial_Prefrontal	180.0	255	84	0	95.442887	162.526279	84.888577	1427.0
145	p24pr_L	Area_Posterior_24_prime_L	L	Fr	Anterior_Cingulate_and_Medial_Prefrontal	57.0	44	172	0	94.447546	124.308951	110.85948	1039.0
146	p32_L	Area_p32_L	L	Fr	Anterior_Cingulate_and_Medial_Prefrontal	64.0	9	112	0	101.628302	174.318868	67.658491	530.0
147	p32pr_L	Area_p32_prime_L	L	Fr	Anterior_Cingulate_and_Medial_Prefrontal	60.0	144	213	0	99.010823	140.837662	110.227273	924.0
148	pOFC_L	Posterior_OFC_Complex_L	L	Fr	Anterior_Cingulate_and_Medial_Prefrontal	166.0	225	197	0	104.455746	137.165786	52.015852	1514.0
149	s32_L	Area_s32_L	L	Fr	Anterior_Cingulate_and_Medial_Prefrontal	165.0	171	43	0	97.364516	159.174194	54.480645	310.0
150	10d_L	Area_10d_L	L	Fr	Orbital_and_Polar_Frontal	72.0	49	220	0	100.894288	191.564911	78.3023	2696.0
151	10pp_L	Polar_10p_L	L	Fr	Orbital_and_Polar_Frontal	90.0	95	253	0	103.361926	187.352144	54.227239	1329.0
152	11l_L	Area_11l_L	L	Fr	Orbital_and_Polar_Frontal	91.0	118	132	0	115.577956	172.905411	55.238477	2495.0
153	13l_L	Area_13l_L	L	Fr	Orbital_and_Polar_Frontal	92.0	251	226	0	113.105234	153.630846	50.639198	1796.0
154	47m_L	Area_47m_L	L	Fr	Orbital_and_Polar_Frontal	66.0	40	150	0	127.422402	156.510121	55.184885	741.0
155	47s_L	Area_47s_L	L	Fr	Orbital_and_Polar_Frontal	94.0	219	40	0	123.285457	146.215144	51.115986	1664.0
156	a10p_L	Area_anterior_10p_L	L	Fr	Orbital_and_Polar_Frontal	89.0	165	51	0	116.405009	185.963731	63.137306	1158.0
157	OFC_L	Orbital_Frontal_Complex_L	L	Fr	Orbital_and_Polar_Frontal	93.0	96	104	0	101.248092	155.905125	46.772628	1834.0
158	p10p_L	Area_posterior_10p_L	L	Fr	Orbital_and_Polar_Frontal	170.0	49	191	0	114.061006	189.546541	72.976101	1590.0
159	44_L	Area_44_L	L	Fr	Inferior_Frontal	74.0	110	211	0	144.510015	141.238315	88.001027	1947.0
160	45_L	Area_45_L	L	Fr	Inferior_Frontal	75.0	123	202	0	141.73524	152.514118	73.734873	2727.0
161	47l_L	Area_47l_(47_lateral)_L	L	Fr	Inferior_Frontal	76.0	31	82	0	136.797521	154.852273	60.41374	1936.0
162	a47r_L	Area_anterior_47r_L	L	Fr	Inferior_Frontal	77.0	151	137	0	131.095281	174.396953	59.360514	3348.0
163	IFJa_L	Area_IFJa_L	L	Fr	Inferior_Frontal	79.0	58	23	0	131.411067	137.512846	97.774704	1012.0
164	IFJp_L	Area_IFJp_L	L	Fr	Inferior_Frontal	80.0	99	29	0	131.397321	127.672619	101.36756	672.0
165	IFSa_L	Area_IFSa_L	L	Fr	Inferior_Frontal	82.0	149	35	0	137.383825	159.179718	80.8819	1558.0
166	IFSp_L	Area_IFSp_L	L	Fr	Inferior_Frontal	81.0	65	174	0	137.874185	149.780056	91.685927	1073.0
167	p47r_L	Area_posterior_47r_L	L	Fr	Inferior_Frontal	171.0	75	127	0	134.951128	169.179699	72.101504	1330.0
168	46_L	Area_46_L	L	Fr	Dorsolateral_Prefrontal	84.0	158	49	0	127.033498	164.498689	105.07457	3433.0
169	8Ad_L	Area_8Ad_L	L	Fr	Dorsolateral_Prefrontal	68.0	68	127	0	113.687799	154.661483	115.801037	2508.0
170	8Av_L	Area_8Av_L	L	Fr	Dorsolateral_Prefrontal	67.0	211	38	0	128.190759	142.505809	124.802756	3701.0
171	8BL_L	Area_8B_Lateral_L	L	Fr	Dorsolateral_Prefrontal	70.0	251	15	0	101.401615	163.951564	124.369828	1982.0
172	8C_L	Area_8C_L	L	Fr	Dorsolateral_Prefrontal	73.0	187	217	0	134.157612	139.145205	109.267606	2982.0
173	9-46d_L	Area_9-46d_L	L	Fr	Dorsolateral_Prefrontal	86.0	88	143	0	120.191583	172.262563	93.433103	3184.0
174	9a_L	Area_9_anterior_L	L	Fr	Dorsolateral_Prefrontal	87.0	149	238	0	112.60695	183.845628	95.711763	3511.0
175	9p_L	Area_9_Posterior_L	L	Fr	Dorsolateral_Prefrontal	71.0	28	178	0	109.307738	173.069108	109.713526	1693.0
176	a9-46v_L	Area_anterior_9-46v_L	L	Fr	Dorsolateral_Prefrontal	85.0	232	149	0	131.147188	176.872535	80.33382	2738.0
177	i6-8_L	Inferior_6-8_Transitional_Area_L	L	Fr	Dorsolateral_Prefrontal	97.0	225	208	0	119.66028	129.204864	127.283714	1357.0
178	p9-46v_L	Area_posterior_9-46v_L	L	Fr	Dorsolateral_Prefrontal	83.0	209	225	0	138.145009	155.665913	98.46629	2655.0
179	s6-8_L	Superior_6-8_Transitional_Area_L	L	Fr	Dorsolateral_Prefrontal	98.0	67	253	0	112.448914	151.434433	128.003218	1243.0
180	SFL_L	Superior_Frontal_Language_Area_L	L	Fr	Dorsolateral_Prefrontal	26.0	152	1	0	98.31097	142.730684	135.373291	3145.0
181	V1_R	Primary_Visual_Cortex_R	R	Occ	Primary_Visual	201.0	216	117	0	78.060375	44.539286	74.333474	7089.0
182	V2_R	Second_Visual_Area_R	R	Occ	Early_Visual	204.0	50	224	0	77.026083	47.558042	76.305265	6211.0
183	V3_R	Third_Visual_Area_R	R	Occ	Early_Visual	205.0	58	133	0	71.976821	41.580308	78.859282	4875.0
184	V4_R	Fourth_Visual_Area_R	R	Occ	Early_Visual	206.0	44	241	0	57.656017	41.782393	71.003195	2817.0
185	IPS1_R	IntraParietal_Sulcus_Area_1_R	R	Par	Dorsal_Stream_Visual	217.0	59	163	0	64.710065	55.195753	111.066482	1083.0
186	V3A_R	Area_V3A_R	R	Occ	Dorsal_Stream_Visual	213.0	112	245	0	75.553398	36.584466	102.458252	1545.0
187	V3B_R	Area_V3B_R	R	Occ	Dorsal_Stream_Visual	219.0	80	62	0	60.919386	48.422265	91.56238	521.0
188	V6_R	Sixth_Visual_Area_R	R	Occ	Dorsal_Stream_Visual	203.0	236	173	0	72.226868	49.256228	102.929715	1124.0
189	V6A_R	Area_V6A_R	R	Par	Dorsal_Stream_Visual	352.0	110	74	0	66.971053	43.206579	117.961842	760.0
190	V7_R	Seventh_Visual_Area_R	R	Occ	Dorsal_Stream_Visual	216.0	48	172	0	62.285714	42.400534	103.668892	749.0
191	FFC_R	Fusiform_Face_Complex_R	R	Temp	Ventral_Stream_Visual	218.0	231	178	0	49.72947	75.126159	51.324834	3020.0
192	PIT_R	Posterior_InferoTemporal_complex_R	R	Occ	Ventral_Stream_Visual	222.0	250	18	0	44.641614	49.954905	58.057753	1264.0
193	V8_R	Eighth_Visual_Area_R	R	Occ	Ventral_Stream_Visual	207.0	112	65	0	60.698264	51.949266	59.301736	749.0
194	VMV1_R	VentroMedial_Visual_Area_1_R	R	Occ	Ventral_Stream_Visual	353.0	29	58	0	71.942782	73.198944	63.584507	1136.0
195	VMV2_R	VentroMedial_Visual_Area_2_R	R	Occ	Ventral_Stream_Visual	360.0	66	171	0	62.482	72.616	65.532	500.0
196	VMV3_R	VentroMedial_Visual_Area_3_R	R	Occ	Ventral_Stream_Visual	354.0	105	216	0	62.83642	64.92284	61.896605	648.0
197	VVC_R	Ventral_Visual_Complex_R	R	Temp	Ventral_Stream_Visual	363.0	152	88	0	61.276977	79.81999	52.749876	2011.0
198	FST_R	Area_FST_R	R	Occ	MT+_Complex_and_Neighboring_Visual_Areas	357.0	67	200	0	38.91249	62.962609	72.511535	1257.0
199	LO1_R	Area_Lateral_Occipital_1_R	R	Occ	MT+_Complex_and_Neighboring_Visual_Areas	220.0	154	173	0	47.281977	45.175872	76.959302	688.0
200	LO2_R	Area_Lateral_Occipital_2_R	R	Occ	MT+_Complex_and_Neighboring_Visual_Areas	221.0	182	2	0	44.07	44.375	67.918333	600.0
201	LO3_R	Area_Lateral_Occipital_3_R	R	Par	MT+_Complex_and_Neighboring_Visual_Areas	359.0	57	154	0	41.930187	53.481809	85.433628	1017.0
202	MST_R	Medial_Superior_Temporal_Area_R	R	Occ	MT+_Complex_and_Neighboring_Visual_Areas	202.0	30	99	0	43.620295	63.751227	78.013093	611.0
203	MT_R	Middle_Temporal_Area_R	R	Occ	MT+_Complex_and_Neighboring_Visual_Areas	223.0	76	234	0	38.58547	57.830484	80.888889	702.0
204	PH_R	Area_PH_R	R	Temp	MT+_Complex_and_Neighboring_Visual_Areas	338.0	82	1	0	41.367731	64.734587	61.13861	2287.0
205	V3CD_R	Area_V3CD_R	R	Occ	MT+_Complex_and_Neighboring_Visual_Areas	358.0	109	118	0	51.141138	43.050328	83.778993	914.0
206	V4t_R	Area_V4t_R	R	Occ	MT+_Complex_and_Neighboring_Visual_Areas	356.0	130	109	0	41.209816	53.52638	69.720245	815.0
207	1_R	Area_1_R	R	Par	Somatosensory_and_Motor	251.0	22	118	0	41.860496	104.311709	125.768987	3792.0
208	2_R	Area_2_R	R	Par	Somatosensory_and_Motor	252.0	67	197	0	52.428189	95.303667	122.502292	2618.0
209	3a_R	Area_3a_R	R	Fr	Somatosensory_and_Motor	253.0	205	83	0	58.537415	105.608844	118.408163	1176.0
210	3b_R	Primary_Sensory_Cortex_R	R	Fr	Somatosensory_and_Motor	209.0	8	201	0	52.032115	105.85919	122.884387	2024.0
211	4_R	Primary_Motor_Cortex_R	R	Fr	Somatosensory_and_Motor	208.0	237	121	0	60.980681	108.738321	126.822972	5694.0
212	23c_R	Area_23c_R	R	Par	Paracentral_Lobular_and_Mid_Cingulate	238.0	187	10	0	80.814159	89.430678	115.231268	1695.0
213	24dd_R	Dorsal_Area_24d_R	R	Fr	Paracentral_Lobular_and_Mid_Cingulate	240.0	125	45	0	84.408074	109.82229	124.363317	2279.0
214	24dv_R	Ventral_Area_24d_R	R	Fr	Paracentral_Lobular_and_Mid_Cingulate	241.0	148	185	0	82.241719	124.339302	118.569382	1117.0
215	5L_R	Area_5L_R	R	Par	Paracentral_Lobular_and_Mid_Cingulate	239.0	61	121	0	77.196914	77.524614	145.837619	1361.0
216	5m_R	Area_5m_R	R	Par	Paracentral_Lobular_and_Mid_Cingulate	236.0	118	39	0	85.168053	86.77371	136.587354	1202.0
217	5mv_R	Area_5m_ventral_R	R	Par	Paracentral_Lobular_and_Mid_Cingulate	237.0	246	87	0	79.398401	84.221852	127.565623	1501.0
218	6ma_R	Area_6m_anterior_R	R	Fr	Paracentral_Lobular_and_Mid_Cingulate	244.0	140	155	0	69.698918	131.674072	137.728442	3421.0
219	6mp_R	Area_6mp_R	R	Fr	Paracentral_Lobular_and_Mid_Cingulate	255.0	133	49	0	75.523118	112.953763	140.165054	1860.0
220	SCEF_R	Supplementary_and_Cingulate_Eye_Field_R	R	Fr	Paracentral_Lobular_and_Mid_Cingulate	243.0	60	189	0	84.455241	131.183536	131.043635	2223.0
221	55b_R	Area_55b_R	R	Fr	Premotor	212.0	125	62	0	41.45439	127.938619	119.895993	1173.0
222	6a_R	Area_6_anterior_R	R	Fr	Premotor	296.0	160	234	0	64.183119	124.292844	124.65945	2725.0
223	6d_R	Dorsal_area_6_R	R	Fr	Premotor	254.0	174	69	0	53.27913	114.122216	136.10668	1931.0
224	6r_R	Rostral_Area_6_R	R	Fr	Premotor	278.0	101	196	0	39.694803	135.156311	86.720594	2559.0
225	6v_R	Ventral_Area_6_R	R	Fr	Premotor	256.0	94	49	0	32.423866	132.818138	103.072554	2095.0
226	FEF_R	Frontal_Eye_Fields_R	R	Fr	Premotor	210.0	252	74	0	46.370874	123.157282	123.201942	1030.0
227	PEF_R	Premotor_Eye_Field_R	R	Fr	Premotor	211.0	10	24	0	45.069136	127.783951	109.748148	810.0
228	43_R	Area_43_R	R	Fr	Posterior_Opercular	299.0	226	147	0	34.231572	127.220516	81.591523	1628.0
229	FOP1_R	Frontal_Opercular_Area_1_R	R	Fr	Posterior_Opercular	313.0	233	175	0	43.638509	131.004969	75.765217	805.0
230	OP1_R	Area_OP1-SII_R	R	Par	Posterior_Opercular	301.0	204	140	0	45.814286	107.14898	89.419388	980.0
231	OP2-3_R	Area_OP2-3-VS_R	R	Par	Posterior_Opercular	302.0	26	109	0	51.053528	111.892944	90.335766	411.0
232	OP4_R	Area_OP4-PV_R	R	Par	Posterior_Opercular	300.0	67	165	0	31.065974	115.43372	85.110568	1637.0
233	52_R	Area_52_R	R	Ins	Early_Auditory	303.0	86	166	0	52.031915	105.12766	73.634752	282.0
234	A1_R	Primary_Auditory_Cortex_R	R	Temp	Early_Auditory	224.0	174	174	0	46.328479	105.454693	81.894822	618.0
235	LBelt_R	Lateral_Belt_Complex_R	R	Temp	Early_Auditory	374.0	35	163	0	41.808564	101.870277	81.278338	794.0
236	MBelt_R	Medial_Belt_Complex_R	R	Temp	Early_Auditory	373.0	184	242	0	43.806818	111.762784	74.931818	704.0
237	PBelt_R	ParaBelt_Complex_R	R	Temp	Early_Auditory	324.0	28	54	0	33.096591	107.575487	79.568994	1232.0
238	PFcm_R	Area_PFcm_R	R	Par	Early_Auditory	305.0	167	181	0	42.446673	98.010939	94.233364	1097.0
239	RI_R	RetroInsular_Cortex_R	R	Par	Early_Auditory	304.0	127	61	0	46.93904	94.059663	90.975357	771.0
240	A4_R	Auditory_4_Complex_R	R	Temp	Auditory_Association	375.0	199	31	0	25.519804	111.76766	76.545529	2449.0
241	A5_R	Auditory_5_Complex_R	R	Temp	Auditory_Association	325.0	183	155	0	29.134363	113.095062	68.029224	2977.0
242	STGa_R	Area_STGa_R	R	Temp	Auditory_Association	323.0	231	115	0	41.594035	142.606208	49.973828	1643.0
243	STSda_R	Area_STSd_anterior_R	R	Temp	Auditory_Association	328.0	228	117	0	38.705061	125.180919	55.141361	1719.0
244	STSdp_R	Area_STSd_posterior_R	R	Temp	Auditory_Association	329.0	86	169	0	41.526702	98.094126	69.690254	1498.0
245	STSva_R	Area_STSv_anterior_R	R	Temp	Auditory_Association	376.0	179	197	0	32.924419	117.527907	54.337791	1720.0
246	STSvp_R	Area_STSv_posterior_R	R	Temp	Auditory_Association	330.0	51	90	0	30.95466	98.034257	65.971788	1985.0
247	TA2_R	Area_TA2_R	R	Temp	Auditory_Association	307.0	8	169	0	39.836312	130.301644	63.779843	1399.0
248	AAIC_R	Anterior_Agranular_Insula_Complex_R	R	Ins	Insular_and_Frontal_Opercular	312.0	190	107	0	54.936552	141.408966	60.337241	1450.0
249	AVI_R	Anterior_Ventral_Insular_Area_R	R	Ins	Insular_and_Frontal_Opercular	311.0	128	215	0	58.445161	150.95914	67.72043	930.0
250	FOP2_R	Frontal_Opercular_Area_2_R	R	Ins	Insular_and_Frontal_Opercular	315.0	123	213	0	49.524038	122.612981	86.716346	416.0
251	FOP3_R	Frontal_Opercular_Area_3_R	R	Ins	Insular_and_Frontal_Opercular	314.0	231	66	0	56.149813	133.580524	83.445693	267.0
252	FOP4_R	Frontal_Opercular_Area_4_R	R	Fr	Insular_and_Frontal_Opercular	308.0	156	157	0	50.523336	141.361132	77.437643	1307.0
253	FOP5_R	Area_Frontal_Opercular_5_R	R	Ins	Insular_and_Frontal_Opercular	369.0	158	149	0	53.738178	153.878893	75.189158	867.0
254	Ig_R	Insular_Granular_Complex_R	R	Ins	Insular_and_Frontal_Opercular	368.0	220	138	0	54.984127	112.0839	86.482993	441.0
255	MI_R	Middle_Insular_Area_R	R	Ins	Insular_and_Frontal_Opercular	309.0	206	222	0	52.77037	135.922222	73.7	1350.0
256	PI_R	Para-Insular_Area_R	R	Temp	Insular_and_Frontal_Opercular	378.0	148	68	0	47.013363	123.157016	57.926503	898.0
257	Pir_R	Pirform_Cortex_R	R	Temp	Insular_and_Frontal_Opercular	310.0	47	82	0	57.555081	133.362084	52.703672	1171.0
258	PoI1_R	Area_Posterior_Insular_1_R	R	Ins	Insular_and_Frontal_Opercular	367.0	62	31	0	52.45642	115.341143	68.178069	1067.0
259	PoI2_R	Posterior_Insular_Area_2_R	R	Ins	Insular_and_Frontal_Opercular	306.0	227	240	0	50.080778	122.827214	71.63067	2315.0
260	H_R	Hippocampus_R	R	Temp	Medial_Temporal	320.0	8	165	0	60.712375	103.927258	54.33194	1196.0
261	PreS_R	PreSubiculum_R	R	Temp	Medial_Temporal	319.0	43	164	0	70.221751	95.334746	62.004237	708.0
262	EC_R	Entorhinal_Cortex_R	R	Temp	Medial_Temporal	318.0	250	139	0	70.108232	115.451982	45.18064	1312.0
263	PeEc_R	Perirhinal_Ectorhinal_Cortex_R	R	Temp	Medial_Temporal	322.0	182	166	0	63.003326	117.21583	36.977054	3007.0
264	TF_R	Area_TF_R	R	Temp	Medial_Temporal	335.0	128	139	0	49.626318	105.570338	41.435842	2751.0
265	PHA1_R	ParaHippocampal_Area_1_R	R	Temp	Medial_Temporal	326.0	121	184	0	70.162458	92.5	55.005892	1188.0
266	PHA2_R	ParaHippocampal_Area_2_R	R	Temp	Medial_Temporal	355.0	16	134	0	60.39823	91.648968	57.716814	339.0
267	PHA3_R	ParaHippocampal_Area_3_R	R	Temp	Medial_Temporal	327.0	174	254	0	56.793319	89.695198	55.185804	479.0
268	PHT_R	Area_PHT_R	R	Temp	Lateral_Temporal	337.0	11	56	0	30.004594	73.093109	65.673201	3265.0
269	TE1a_R	Area_TE1_anterior_R	R	Temp	Lateral_Temporal	332.0	19	27	0	32.156938	125.713112	43.546788	3409.0
270	TE1m_R	Area_TE1_Middle_R	R	Temp	Lateral_Temporal	377.0	134	28	0	26.146605	102.236497	53.246528	2592.0
271	TE1p_R	Area_TE1_posterior_R	R	Temp	Lateral_Temporal	333.0	25	17	0	27.790845	84.652057	59.44899	4107.0
272	TE2a_R	Area_TE2_anterior_R	R	Temp	Lateral_Temporal	334.0	209	104	0	35.763051	107.785779	39.880513	4444.0
273	TE2p_R	Area_TE2_posterior_R	R	Temp	Lateral_Temporal	336.0	209	115	0	41.843798	89.348137	49.277693	1959.0
274	TGd_R	Area_TG_dorsal_R	R	Temp	Lateral_Temporal	331.0	185	94	0	55.264395	140.071941	34.559763	7103.0
275	TGv_R	Area_TG_Ventral_R	R	Temp	Lateral_Temporal	372.0	39	195	0	56.653745	123.570388	25.638589	3431.0
276	PSL_R	PeriSylvian_Language_Area_R	R	Par	Temporo-Parieto-Occipital_Junction	225.0	169	161	0	25.980366	89.316377	98.788934	2241.0
277	STV_R	Superior_Temporal_Visual_Area_R	R	Par	Temporo-Parieto-Occipital_Junction	228.0	133	197	0	30.525124	81.598012	91.518498	1811.0
278	TPOJ1_R	Area_TemporoParietoOccipital_Junction_1_R	R	Temp	Temporo-Parieto-Occipital_Junction	339.0	249	238	0	36.339798	82.305051	82.842828	2475.0
279	TPOJ2_R	Area_TemporoParietoOccipital_Junction_2_R	R	Par	Temporo-Parieto-Occipital_Junction	340.0	166	249	0	34.431659	69.409508	81.67477	1851.0
280	TPOJ3_R	Area_TemporoParietoOccipital_Junction_3_R	R	Par	Temporo-Parieto-Occipital_Junction	341.0	205	49	0	44.569097	65.107726	91.621328	919.0
281	7AL_R	Lateral_Area_7A_R	R	Par	Superior_Parietal	242.0	116	36	0	66.808871	72.715323	139.629032	1240.0
282	7Am_R	Medial_Area_7A_R	R	Par	Superior_Parietal	245.0	111	178	0	81.616644	64.449523	132.899045	1466.0
283	7PC_R	Area_7PC_R	R	Par	Superior_Parietal	247.0	211	24	0	54.30504	78.639699	133.54244	2262.0
284	7Pl_R	Lateral_Area_7P_R	R	Par	Superior_Parietal	246.0	22	134	0	78.082592	52.547649	129.927573	787.0
285	7Pm_R	Medial_Area_7P_R	R	Par	Superior_Parietal	229.0	34	136	0	84.893683	59.192604	121.912173	649.0
286	AIP_R	Anterior_IntraParietal_Area_R	R	Par	Superior_Parietal	317.0	45	220	0	53.147097	85.464516	115.539355	1550.0
287	LIPd_R	Area_Lateral_IntraParietal_dorsal_R	R	Par	Superior_Parietal	295.0	100	124	0	60.154362	70.736018	115.630872	447.0
288	LIPv_R	Area_Lateral_IntraParietal_ventral_R	R	Par	Superior_Parietal	248.0	213	101	0	62.004614	69.61707	125.258362	867.0
289	MIP_R	Medial_IntraParietal_Area_R	R	Par	Superior_Parietal	250.0	205	172	0	63.267232	58.20226	123.986441	1770.0
290	VIP_R	Ventral_IntraParietal_Complex_R	R	Par	Superior_Parietal	249.0	16	190	0	68.916533	63.23114	135.889246	623.0
291	IP0_R	Area_IntraParietal_0_R	R	Par	Inferior_Parietal	346.0	102	133	0	56.220528	48.778455	98.620935	984.0
292	IP1_R	Area_IntraParietal_1_R	R	Par	Inferior_Parietal	345.0	135	89	0	56.10469	57.245394	114.665829	1194.0
293	IP2_R	Area_IntraParietal_2_R	R	Par	Inferior_Parietal	344.0	107	39	0	49.719313	79.054936	117.186266	1165.0
294	PF_R	Area_PF_Complex_R	R	Par	Inferior_Parietal	348.0	168	150	0	29.656612	96.343693	111.425046	3282.0
295	PFm_R	Area_PFm_Complex_R	R	Par	Inferior_Parietal	349.0	161	67	0	38.024068	76.292314	117.520769	5152.0
296	PFop_R	Area_PF_Opercular_R	R	Par	Inferior_Parietal	347.0	75	12	0	28.000702	105.724719	95.294944	1424.0
297	PFt_R	Area_PFt_R	R	Par	Inferior_Parietal	316.0	111	193	0	36.126206	103.276912	110.400148	1347.0
298	PGi_R	Area_PGi_R	R	Par	Inferior_Parietal	350.0	4	62	0	37.886767	66.21809	101.865327	2985.0
299	PGp_R	Area_PGp_R	R	Par	Inferior_Parietal	343.0	251	113	0	45.491584	48.937135	98.336654	2911.0
300	PGs_R	Area_PGs_R	R	Par	Inferior_Parietal	351.0	43	176	0	45.735542	57.616193	114.445321	1902.0
301	23d_R	Area_23d_R	R	Par	Posterior_Cingulate	232.0	28	92	0	86.894973	103.731598	111.127469	1114.0
302	31a_R	Area_31a_R	R	Par	Posterior_Cingulate	362.0	95	188	0	83.9	85.809091	114.561039	770.0
303	31pd_R	Area_31pd_R	R	Par	Posterior_Cingulate	361.0	51	101	0	77.37785	74.687296	107.338762	307.0
304	31pv_R	Area_31p_ventral_R	R	Par	Posterior_Cingulate	235.0	125	175	0	80.754159	82.767098	105.438078	541.0
305	7m_R	Area_7m_R	R	Par	Posterior_Cingulate	230.0	87	180	0	85.454762	66.283333	105.271429	1260.0
306	d23ab_R	Area_dorsal_23_a+b_R	R	Par	Posterior_Cingulate	234.0	243	113	0	86.84742	84.848518	104.53787	911.0
307	DVT_R	Dorsal_Transitional_Visual_Area_R	R	Par	Posterior_Cingulate	342.0	235	5	0	71.658746	57.291089	104.820462	1515.0
308	PCV_R	PreCuneus_Visual_Area_R	R	Par	Posterior_Cingulate	227.0	14	85	0	84.876497	74.045369	121.958412	1587.0
309	POS1_R	Parieto-Occipital_Sulcus_Area_1_R	R	Par	Posterior_Cingulate	231.0	189	109	0	79.376277	69.248778	87.420702	2251.0
310	POS2_R	Parieto-Occipital_Sulcus_Area_2_R	R	Par	Posterior_Cingulate	215.0	69	69	0	80.662438	56.100589	108.736747	2207.0
311	ProS_R	ProStriate_Area_R	R	Par	Posterior_Cingulate	321.0	108	51	0	70.101423	77.854093	73.617438	562.0
312	RSC_R	RetroSplenial_Complex_R	R	Par	Posterior_Cingulate	214.0	140	210	0	84.934198	92.434662	93.496756	1079.0
313	v23ab_R	Area_ventral_23_a+b_R	R	Par	Posterior_Cingulate	233.0	241	110	0	86.05698	74.521368	90.964387	702.0
314	10r_R	Area_10r_R	R	Fr	Anterior_Cingulate_and_Medial_Prefrontal	265.0	107	227	0	85.146262	172.751896	60.15493	923.0
315	10v_R	Area_10v_R	R	Fr	Anterior_Cingulate_and_Medial_Prefrontal	288.0	251	100	0	87.511155	176.704016	52.646009	2017.0
316	25_R	Area_25_R	R	Fr	Anterior_Cingulate_and_Medial_Prefrontal	364.0	77	197	0	87.037037	143.861454	58.698217	729.0
317	33pr_R	Area_33_prime_R	R	Fr	Anterior_Cingulate_and_Medial_Prefrontal	258.0	179	102	0	87.197935	136.562823	100.375215	581.0
318	8BM_R	Area_8BM_R	R	Fr	Anterior_Cingulate_and_Medial_Prefrontal	263.0	170	207	0	85.561807	157.006339	117.958003	2524.0
319	9m_R	Area_9_Middle_R	R	Fr	Anterior_Cingulate_and_Medial_Prefrontal	269.0	138	193	0	83.868691	181.249145	91.301967	4676.0
320	a24_R	Area_a24_R	R	Fr	Anterior_Cingulate_and_Medial_Prefrontal	261.0	179	97	0	85.878669	164.201566	70.600783	1533.0
321	a24pr_R	Anterior_24_prime_R	R	Fr	Anterior_Cingulate_and_Medial_Prefrontal	259.0	170	56	0	85.926439	145.473348	103.304904	938.0
322	a32pr_R	Area_anterior_32_prime_R	R	Fr	Anterior_Cingulate_and_Medial_Prefrontal	379.0	46	202	0	81.723096	153.990326	102.516324	827.0
323	d32_R	Area_dorsal_32_R	R	Fr	Anterior_Cingulate_and_Medial_Prefrontal	262.0	33	243	0	83.510986	164.846197	98.791549	1775.0
324	p24_R	Area_posterior_24_R	R	Fr	Anterior_Cingulate_and_Medial_Prefrontal	380.0	255	84	0	86.096222	161.202423	88.541696	1403.0
325	p24pr_R	Area_Posterior_24_prime_R	R	Fr	Anterior_Cingulate_and_Medial_Prefrontal	257.0	44	172	0	85.71482	122.438623	112.543413	1336.0
326	p32_R	Area_p32_R	R	Fr	Anterior_Cingulate_and_Medial_Prefrontal	264.0	9	112	0	82.359393	174.618436	69.042007	857.0
327	p32pr_R	Area_p32_prime_R	R	Fr	Anterior_Cingulate_and_Medial_Prefrontal	260.0	144	213	0	82.475465	140.625212	112.576142	1182.0
328	pOFC_R	posterior_OFC_Complex_R	R	Fr	Anterior_Cingulate_and_Medial_Prefrontal	366.0	225	197	0	77.656757	138.762838	52.856757	1480.0
329	s32_R	Area_s32_R	R	Fr	Anterior_Cingulate_and_Medial_Prefrontal	365.0	171	43	0	86.948307	156.390374	55.54902	561.0
330	10d_R	Area_10d_R	R	Fr	Orbital_and_Polar_Frontal	272.0	49	220	0	81.086781	193.730216	74.665468	2224.0
331	10pp_R	Polar_10p_R	R	Fr	Orbital_and_Polar_Frontal	290.0	95	253	0	79.325648	188.469741	53.417291	1735.0
332	11l_R	Area_11l_R	R	Fr	Orbital_and_Polar_Frontal	291.0	118	132	0	65.791587	172.746973	54.321224	3138.0
333	13l_R	Area_13l_R	R	Fr	Orbital_and_Polar_Frontal	292.0	251	226	0	70.701739	152.646957	50.322609	1150.0
334	47m_R	Area_47m_R	R	Fr	Orbital_and_Polar_Frontal	266.0	40	150	0	57.754386	157.371517	53.686275	969.0
335	47s_R	Area_47s_R	R	Fr	Orbital_and_Polar_Frontal	294.0	219	40	0	60.445039	146.166964	51.135472	1683.0
336	a10p_R	Area_anterior_10p_R	R	Fr	Orbital_and_Polar_Frontal	289.0	165	51	0	66.79639	188.730686	61.363177	1385.0
337	OFC_R	Orbital_Frontal_Complex_R	R	Fr	Orbital_and_Polar_Frontal	293.0	96	104	0	83.615202	158.638955	45.933017	2105.0
338	p10p_R	Area_posterior_10p_R	R	Fr	Orbital_and_Polar_Frontal	370.0	49	191	0	66.879454	187.415677	72.800475	1684.0
339	44_R	Area_44_R	R	Fr	Inferior_Frontal	274.0	110	211	0	37.055203	145.308467	85.935472	2681.0
340	45_R	Area_45_R	R	Fr	Inferior_Frontal	275.0	123	202	0	39.515005	153.265247	72.484511	2066.0
341	47l_R	Area_47l_(47_lateral)_R	R	Fr	Inferior_Frontal	276.0	31	82	0	46.146087	158.131594	56.831304	1725.0
342	a47r_R	Area_anterior_47r_R	R	Fr	Inferior_Frontal	277.0	151	137	0	52.625557	178.539747	62.249629	2692.0
343	IFJa_R	Area_IFJa_R	R	Fr	Inferior_Frontal	279.0	58	23	0	50.829828	143.133843	95.51434	523.0
344	IFJp_R	Area_IFJp_R	R	Fr	Inferior_Frontal	280.0	99	29	0	54.052897	133.420655	99.677582	397.0
345	IFSa_R	Area_IFSa_R	R	Fr	Inferior_Frontal	282.0	149	35	0	42.045036	164.740532	73.742068	1954.0
346	IFSp_R	Area_IFSp_R	R	Fr	Inferior_Frontal	281.0	65	174	0	44.515479	155.734341	89.435565	1389.0
347	p47r_R	Area_posterior_47r_R	R	Fr	Inferior_Frontal	371.0	75	127	0	44.467343	172.381737	65.509195	1577.0
348	46_R	Area_46_R	R	Fr	Dorsolateral_Prefrontal	284.0	158	49	0	54.973373	167.290598	102.286325	3042.0
349	8Ad_R	Area_8Ad_R	R	Fr	Dorsolateral_Prefrontal	268.0	68	127	0	67.233301	158.5722	113.623772	2036.0
350	8Av_R	Area_8Av_R	R	Fr	Dorsolateral_Prefrontal	267.0	211	38	0	51.352616	145.949195	120.685614	3976.0
351	8BL_R	Area_8B_Lateral_R	R	Fr	Dorsolateral_Prefrontal	270.0	251	15	0	78.91626	168.845999	120.171207	3487.0
352	8C_R	Area_8C_R	R	Fr	Dorsolateral_Prefrontal	273.0	187	217	0	50.37308	145.14594	108.576811	2734.0
353	9-46d_R	Area_9-46d_R	R	Fr	Dorsolateral_Prefrontal	286.0	88	143	0	61.307805	176.773458	93.881321	3421.0
354	9a_R	Area_9_anterior_R	R	Fr	Dorsolateral_Prefrontal	287.0	149	238	0	70.836969	188.89409	90.121777	2521.0
355	9p_R	Area_9_Posterior_R	R	Fr	Dorsolateral_Prefrontal	271.0	28	178	0	71.348837	176.911205	105.233263	1419.0
356	a9-46v_R	Area_anterior_9-46v_R	R	Fr	Dorsolateral_Prefrontal	285.0	232	149	0	50.407407	178.769841	79.984127	1890.0
357	i6-8_R	Inferior_6-8_Transitional_Area_R	R	Fr	Dorsolateral_Prefrontal	297.0	225	208	0	58.342047	134.887653	128.925473	1798.0
358	p9-46v_R	Area_posterior_9-46v_R	R	Fr	Dorsolateral_Prefrontal	283.0	209	225	0	43.648143	159.269405	97.278164	3311.0
359	s6-8_R	Superior_6-8_Transitional_Area_R	R	Fr	Dorsolateral_Prefrontal	298.0	67	253	0	70.548089	149.926634	130.08693	1622.0
360	SFL_R	Superior_Frontal_Language_Area_R	R	Fr	Dorsolateral_Prefrontal	226.0	152	1	0	82.702811	141.914659	137.409639	1992.0
361	Thal_AnteroventralNucleus_L	Thal_AnteroventralNucleus_L	L				6	221	0				
362	Thal_Central_medial_L	Thal_Central_medial_L	L				109	157	0				
363	Thal_Central_lateral_L	Thal_Central_lateral_L	L				80	253	0				
364	Thal_Centralmedian_L	Thal_Centralmedian_L	L				42	135	0				
365	Thal_Laterodorsal_L	Thal_Laterodorsal_L	L				46	123	0				
366	Thal_Lateral_Geniculate_L	Thal_Lateral_Geniculate_L	L				108	205	0				
367	Thal_Lateral_Posterior_L	Thal_Lateral_Posterior_L	L				25	59	0				
368	Thal_Limitans_Suprageniculate_L	Thal_Limitans_Suprageniculate_L	L				153	128	0				
369	Thal_Mediodorsolateral_parvocellular_L	Thal_Mediodorsolateral_parvocellular_L	L				121	230	0				
370	Thal_Mediodorsomedial_magnocellular_L	Thal_Mediodorsomedial_magnocellular_L	L				178	147	0				
371	Thal_Medial_Geniculate_L	Thal_Medial_Geniculate_L	L				179	216	0				
372	Thal_Reuniens_L	Thal_Reuniens_L	L				163	189	0				
373	Thal_Parafascicular_L	Thal_Parafascicular_L	L				9	150	0				
374	Thal_Pulvinar_anterior_L	Thal_Pulvinar_anterior_L	L				18	63	0				
375	Thal_Pulvinar_inferior_L	Thal_Pulvinar_inferior_L	L				82	170	0				
376	Thal_Pulvinar_lateral_L	Thal_Pulvinar_lateral_L	L				136	22	0				
377	Thal_Pulvinar_medial_L	Thal_Pulvinar_medial_L	L				167	160	0				
378	Thal_Ventral_Anterior_L	Thal_Ventral_Anterior_L	L				104	169	0				
379	Thal_Ventral_Lateral_Anterior_L	Thal_Ventral_Lateral_Anterior_L	L				210	187	0				
380	Thal_Ventral_Lateral_Posterior_L	Thal_Ventral_Lateral_Posterior_L	L				184	228	0				
381	Thal_Ventral_posterolateral_L	Thal_Ventral_posterolateral_L	L				248	251	0				
382	Putamen_L	Putamen_L	L				136	197	0				
383	Caudate_L	Caudate_L	L				83	149	0				
384	Nucleus_Accumbens_L	Nucleus_Accumbens_L	L				27	237	0				
385	Globus_pallidus_externalis_L	Globus_pallidus_externalis_L	L				156	148	0				
386	Globus_pallidus_internalis_L	Globus_pallidus_internalis_L	L				199	5	0				
387	Amygdala_L	Amygdala_L	L				108	31	0				
388	Substantia_nigra_pars_compacta_L	Substantia_nigra_pars_compacta_L	L				24	220	0				
389	Substantia_nigra_pars_reticulata_L	Substantia_nigra_pars_reticulata_L	L				68	124	0				
390	Ventral_tegmenta_area_L	Ventral_tegmenta_area_L	L				40	216	0				
391	Mammillary_bodies_L	Mammillary_bodies_L	L				72	54	0				
392	Septal_nucleus_L	Septal_nucleus_L	L				113	141	0				
393	Nuclei_basal_L	Nuclei_basal_L	L				135	161	0				
394	Thal_AnteroventralNucleus_R	Thal_AnteroventralNucleus_R	R				6	221	0				
395	Thal_Central_medial_R	Thal_Central_medial_R	R				109	157	0				
396	Thal_Central_lateral_R	Thal_Central_lateral_R	R				80	253	0				
397	Thal_Centralmedian_R	Thal_Centralmedian_R	R				42	135	0				
398	Thal_Laterodorsal_R	Thal_Laterodorsal_R	R				46	123	0				
399	Thal_Lateral_Geniculate_R	Thal_Lateral_Geniculate_R	R				108	205	0				
400	Thal_Lateral_Posterior_R	Thal_Lateral_Posterior_R	R				25	59	0				
401	Thal_Limitans_Suprageniculate_R	Thal_Limitans_Suprageniculate_R	R				153	128	0				
402	Thal_Mediodorsolateral_parvocellular_R	Thal_Mediodorsolateral_parvocellular_R	R				121	230	0				
403	Thal_Mediodorsomedial_magnocellular_R	Thal_Mediodorsomedial_magnocellular_R	R				178	147	0				
404	Thal_Medial_Geniculate_R	Thal_Medial_Geniculate_R	R				179	216	0				
405	Thal_Reuniens_R	Thal_Reuniens_R	R				163	189	0				
406	Thal_Parafascicular_R	Thal_Parafascicular_R	R				9	150	0				
407	Thal_Pulvinar_anterior_R	Thal_Pulvinar_anterior_R	R				18	63	0				
408	Thal_Pulvinar_inferior_R	Thal_Pulvinar_inferior_R	R				82	170	0				
409	Thal_Pulvinar_lateral_R	Thal_Pulvinar_lateral_R	R				136	22	0				
410	Thal_Pulvinar_medial_R	Thal_Pulvinar_medial_R	R				167	160	0				
411	Thal_Ventral_Anterior_R	Thal_Ventral_Anterior_R	R				104	169	0				
412	Thal_Ventral_Lateral_Anterior_R	Thal_Ventral_Lateral_Anterior_R	R				210	187	0				
413	Thal_Ventral_Lateral_Posterior_R	Thal_Ventral_Lateral_Posterior_R	R				184	228	0				
414	Thal_Ventral_posterolateral_R	Thal_Ventral_posterolateral_R	R				248	251	0				
415	Putamen_R	Putamen_R	R				136	197	0				
416	Caudate_R	Caudate_R	R				83	149	0				
417	Nucleus_Accumbens_R	Nucleus_Accumbens_R	R				27	237	0				
418	Globus_pallidus_externalis_R	Globus_pallidus_externalis_R	R				156	148	0				
419	Globus_pallidus_internalis_R	Globus_pallidus_internalis_R	R				199	5	0				
420	Amygdala_R	Amygdala_R	R				108	31	0				
421	Substantia_nigra_pars_compacta_R	Substantia_nigra_pars_compacta_R	R				24	220	0				
422	Substantia_nigra_pars_reticulata_R	Substantia_nigra_pars_reticulata_R	R				68	124	0				
423	Ventral_tegmenta_area_R	Ventral_tegmenta_area_R	R				40	216	0				
424	Mammillary_bodies_R	Mammillary_bodies_R	R				72	54	0				
425	Septal_nucleus_R	Septal_nucleus_R	R				113	141	0				
426	Nuclei_basal_R	Nuclei_basal_R	R				135	161	0				
