index	label	name	hemisphere	region_abbrev	lobe	cortex_type	x_cog	y_cog	z_cog	volume_mm3
1	V1_L	Primary_Visual_Cortex_L	L	V1	Occ	Primary_Visual	100.491589	41.138901	71.63704	6717
2	MST_L	Medial_Superior_Temporal_Area_L	L	MST	Occ	MT+_Complex_and_Neighboring_Visual_Areas	132.416667	58.901786	82.059524	336
3	V6_L	Sixth_Visual_Area_L	L	V6	Occ	Dorsal_Stream_Visual	104.543112	44.481665	103.916749	1009
4	V2_L	Second_Visual_Area_L	L	V2	Occ	Early_Visual	102.236656	44.064791	74.401125	6220
5	V3_L	Third_Visual_Area_L	L	V3	Occ	Early_Visual	107.926111	40.632159	76.961153	4994
6	V4_L	Fourth_Visual_Area_L	L	V4	Occ	Early_Visual	120.481621	41.344329	69.955702	3183
7	V8_L	Eighth_Visual_Area_L	L	V8	Occ	Ventral_Stream_Visual	123.013193	51.8927	56.759015	1137
8	4_L	Primary_Motor_Cortex_L	L	4	Fr	Somatosensory_and_Motor	119.338359	105.485002	126.65561	6301
9	3b_L	Primary_Sensory_Cortex_L	L	3b	Par	Somatosensory_and_Motor	129.664059	103.257279	123.682747	2301
10	FEF_L	Frontal_Eye_Fields_L	L	FEF	Fr	Premotor	132.579336	118.837638	121.922509	813
11	PEF_L	Premotor_Eye_Field_L	L	PEF	Fr	Premotor	136.772664	125.582985	112.956764	717
12	55b_L	Area_55b_L	L	55b	Fr	Premotor	138.865752	124.683174	122.399165	1676
13	V3A_L	Area_V3A_L	L	V3A	Occ	Dorsal_Stream_Visual	104.528505	33.597072	99.335131	1298
14	RSC_L	RetroSplenial_Complex_L	L	RSC	Par	Posterior_Cingulate	96.918149	86.60261	88.986951	843
15	POS2_L	Parieto-Occipital_Sulcus_Area_2_L	L	POS2	Occ	Posterior_Cingulate	98.677433	53.233641	109.394715	2384
16	V7_L	Seventh_Visual_Area_L	L	V7	Occ	Dorsal_Stream_Visual	114.850993	39.443709	100.271523	604
17	IPS1_L	IntraParietal_Sulcus_Area_1_L	L	IPS1	Par	Dorsal_Stream_Visual	114.19184	51.537326	110.430556	1152
18	FFC_L	Fusiform_Face_Complex_L	L	FFC	Temp	Ventral_Stream_Visual	133.940136	69.78536	52.618797	3224
19	V3B_L	Area_V3B_L	L	V3B	Occ	Dorsal_Stream_Visual	117.755656	42.828054	88.434389	442
20	LO1_L	Area_Lateral_Occipital_1_L	L	LO1	Occ	MT+_Complex_and_Neighboring_Visual_Areas	132.592541	39.361878	78.374309	724
21	LO2_L	Area_Lateral_Occipital_2_L	L	LO2	Occ	MT+_Complex_and_Neighboring_Visual_Areas	137.691983	45.555907	68.914557	948
22	PIT_L	Posterior_InferoTemporal_complex_L	L	PIT	Occ	Ventral_Stream_Visual	137.394161	48.92805	61.153285	959
23	MT_L	Middle_Temporal_Area_L	L	MT	Occ	MT+_Complex_and_Neighboring_Visual_Areas	133.489855	55.521739	82.907246	345
24	A1_L	Primary_Auditory_Cortex_L	L	A1	Temp	Early_Auditory	135.998896	101.994481	82.398455	906
25	PSL_L	PeriSylvian_Language_Area_L	L	PSL	Par	Temporo-Parieto_Occipital_Junction	150.183112	78.426117	97.249877	2037
26	SFL_L	Superior_Frontal_Language_Area_L	L	SFL	Fr	Dorsolateral_Prefrontal	98.31097	142.730684	135.373291	3145
27	PCV_L	PreCuneus_Visual_Area_L	L	PCV	Par	Posterior_Cingulate	96.358639	76.151178	120.194372	1528
28	STV_L	Superior_Temporal_Visual_Area_L	L	STV	Par	Temporo-Parieto-Occipital_Junction	152.198435	74.187814	89.932923	1789
29	7Pm_L	Medial_Area_7P_L	L	7Pm	Par	Superior_Parietal	95.248227	58.274232	121.498818	846
30	7m_L	Area_7m_L	L	7m	Par	Posterior_Cingulate	95.552556	64.056289	105.57668	1741
31	POS1_L	Parieto-Occipital_Sulcus_Area_1_L	L	POS1	Par	Posterior_Cingulate	101.731298	67.452417	84.880916	1965
32	23d_L	Area_23d_L	L	23d	Par	Posterior_Cingulate	93.867052	106.364162	109.955684	1038
33	v23ab_L	Area_ventral_23_a+b_L	L	v23ab	Par	Posterior_Cingulate	94.704348	70.024638	91.217391	690
34	d23ab_L	Area_dorsal_23_a+b_L	L	d23ab	Par	Posterior_Cingulate	93.768848	84.202983	102.524441	1207
35	31pv_L	Area_31p_ventral_L	L	31pv	Par	Posterior_Cingulate	100.042751	81.552045	104.622677	538
36	5m_L	Area_5m_L	L	5m	Par	Paracentral_Lobular_and_Mid_Cingulate	96.894004	83.917559	134.828694	934
37	5mv_L	Area_5m_ventral_L	L	5mv	Par	Paracentral_Lobular_and_Mid_Cingulate	104.643979	88.134031	121.951832	955
38	23c_L	Area_23c_L	L	23c	Par	Paracentral_Lobular_and_Mid_Cingulate	102.515493	96.142723	113.688263	1065
39	5L_L	Area_5L_L	L	5L	Par	Paracentral_Lobular_and_Mid_Cingulate	105.121097	76.89642	144.418888	1313
40	24dd_L	Dorsal_Area_24d_L	L	24dd	Fr	Paracentral_Lobular_and_Mid_Cingulate	96.658505	110.468299	121.557499	2287
41	24dv_L	Ventral_Area_24d_L	L	24dv	Fr	Paracentral_Lobular_and_Mid_Cingulate	100.068306	126.534153	115.301913	732
42	7AL_L	Lateral_Area_7A_L	L	7AL	Par	Superior_Parietal	112.239867	73.178073	137.489037	1505
43	SCEF_L	Supplementary_and_Cingulate_Eye_Field_L	L	SCEF	Fr	Paracentral_Lobular_and_Mid_Cingulate	96.643496	131.532274	128.125124	3021
44	6ma_L	Area_6m_anterior_L	L	6ma	Fr	Paracentral_Lobular_and_Mid_Cingulate	110.592627	130.136617	139.421933	3228
45	7Am_L	Medial_Area_7A_L	L	7Am	Par	Superior_Parietal	97.517305	65.146285	132.871251	2167
46	7Pl_L	Lateral_Area_7P_L	L	7Pl	Par	Superior_Parietal	105.278114	51.702539	127.938331	827
47	7PC_L	Area_7PC_L	L	7PC	Par	Superior_Parietal	128.238394	78.294856	131.844417	2391
48	LIPv_L	Area_Lateral_IntraParietal_ventral_L	L	LIPv	Par	Superior_Parietal	121.655546	69.556357	124.250676	1109
49	VIP_L	Ventral_IntraParietal_Complex_L	L	VIP	Par	Superior_Parietal	114.787443	60.903859	134.815566	1529
50	MIP_L	Medial_IntraParietal_Area_L	L	MIP	Par	Superior_Parietal	115.970641	58.793594	119.152135	1124
51	1_L	Area_1_L	L	1	Par	Somatosensory_and_Motor	138.150337	99.962157	127.34085	3858
52	2_L	Area_2_L	L	2	Par	Somatosensory_and_Motor	129.508165	92.68818	123.900078	2572
53	3a_L	Area_3a_L	L	3a	Fr	Somatosensory_and_Motor	125.373109	105.0	114.733613	1190
54	6d_L	Dorsal_area_6_L	L	6d	Fr	Premotor	124.128205	111.937022	138.11426	2223
55	6mp_L	Area_6mp_L	L	6mp	Fr	Paracentral_Lobular_and_Mid_Cingulate	100.026417	110.678674	141.063401	2082
56	6v_L	Ventral_Area_6_L	L	6v	Fr	Premotor	149.799006	129.681108	103.925426	1408
57	p24pr_L	Area_Posterior_24_prime_L	L	p24pr	Fr	Anterior_Cingulate_and_Medial_Prefrontal	94.447546	124.308951	110.85948	1039
58	33pr_L	Area_33_prime_L	L	33pr	Fr	Anterior_Cingulate_and_Medial_Prefrontal	94.083624	134.923345	100.006969	287
59	a24pr_L	Anterior_24_prime_L	L	a24pr	Fr	Anterior_Cingulate_and_Medial_Prefrontal	95.249415	144.104215	101.338407	854
60	p32pr_L	Area_p32_prime_L	L	p32pr	Fr	Anterior_Cingulate_and_Medial_Prefrontal	99.010823	140.837662	110.227273	924
61	a24_L	Area_a24_L	L	a24	Fr	Anterior_Cingulate_and_Medial_Prefrontal	96.046431	166.310464	66.976438	1443
62	d32_L	Area_dorsal_32_L	L	d32	Fr	Anterior_Cingulate_and_Medial_Prefrontal	98.638734	168.099317	96.929236	1611
63	8BM_L	Area_8BM_L	L	8BM	Fr	Anterior_Cingulate_and_Medial_Prefrontal	95.909177	158.968616	116.162149	2103
64	p32_L	Area_p32_L	L	p32	Fr	Anterior_Cingulate_and_Medial_Prefrontal	101.628302	174.318868	67.658491	530
65	10r_L	Area_10r_L	L	10r	Fr	Anterior_Cingulate_and_Medial_Prefrontal	96.816092	176.014368	59.294061	1044
66	47m_L	Area_47m_L	L	47m	Fr	Orbital_and_Polar_Frontal	127.422402	156.510121	55.184885	741
67	8Av_L	Area_8Av_L	L	8Av	Fr	Dorsolateral_Prefrontal	128.190759	142.505809	124.802756	3701
68	8Ad_L	Area_8Ad_L	L	8Ad	Fr	Dorsolateral_Prefrontal	113.687799	154.661483	115.801037	2508
69	9m_L	Area_9_Middle_L	L	9m	Fr	Anterior_Cingulate_and_Medial_Prefrontal	97.019809	180.108831	93.67494	4190
70	8BL_L	Area_8B_Lateral_L	L	8BL	Fr	Dorsolateral_Prefrontal	101.401615	163.951564	124.369828	1982
71	9p_L	Area_9_Posterior_L	L	9p	Fr	Dorsolateral_Prefrontal	109.307738	173.069108	109.713526	1693
72	10d_L	Area_10d_L	L	10d	Fr	Orbital_and_Polar_Frontal	100.894288	191.564911	78.3023	2696
73	8C_L	Area_8C_L	L	8C	Fr	Dorsolateral_Prefrontal	134.157612	139.145205	109.267606	2982
74	44_L	Area_44_L	L	44	Fr	Inferior_Frontal	144.510015	141.238315	88.001027	1947
75	45_L	Area_45_L	L	45	Fr	Inferior_Frontal	141.73524	152.514118	73.734873	2727
76	47l_L	Area_47l_(47_lateral)_L	L	47l	Fr	Inferior_Frontal	136.797521	154.852273	60.41374	1936
77	a47r_L	Area_anterior_47r_L	L	a47r	Fr	Inferior_Frontal	131.095281	174.396953	59.360514	3348
78	6r_L	Rostral_Area_6_L	L	6r	Fr	Premotor	143.753559	132.158363	88.451957	2248
79	IFJa_L	Area_IFJa_L	L	IFJa	Fr	Inferior_Frontal	131.411067	137.512846	97.774704	1012
80	IFJp_L	Area_IFJp_L	L	IFJp	Fr	Inferior_Frontal	131.397321	127.672619	101.36756	672
81	IFSp_L	Area_IFSp_L	L	IFSp	Fr	Inferior_Frontal	137.874185	149.780056	91.685927	1073
82	IFSa_L	Area_IFSa_L	L	IFSa	Fr	Inferior_Frontal	137.383825	159.179718	80.8819	1558
83	p9-46v_L	Area_posterior_9-46v_L	L	p9-46v	Fr	Dorsolateral_Prefrontal	138.145009	155.665913	98.46629	2655
84	46_L	Area_46_L	L	46	Fr	Dorsolateral_Prefrontal	127.033498	164.498689	105.07457	3433
85	a9-46v_L	Area_anterior_9-46v_L	L	a9-46v	Fr	Dorsolateral_Prefrontal	131.147188	176.872535	80.33382	2738
86	9-46d_L	Area_9-46d_L	L	9-46d	Fr	Dorsolateral_Prefrontal	120.191583	172.262563	93.433103	3184
87	9a_L	Area_9_anterior_L	L	9a	Fr	Dorsolateral_Prefrontal	112.60695	183.845628	95.711763	3511
88	10v_L	Area_10v_L	L	10v	Fr	Anterior_Cingulate_and_Medial_Prefrontal	95.085146	179.625174	52.61453	2161
89	a10p_L	Area_anterior_10p_L	L	a10p	Fr	Orbital_and_Polar_Frontal	116.405009	185.963731	63.137306	1158
90	10pp_L	Polar_10p_L	L	10pp	Fr	Orbital_and_Polar_Frontal	103.361926	187.352144	54.227239	1329
91	11l_L	Area_11l_L	L	11l	Fr	Orbital_and_Polar_Frontal	115.577956	172.905411	55.238477	2495
92	13l_L	Area_13l_L	L	13l	Fr	Orbital_and_Polar_Frontal	113.105234	153.630846	50.639198	1796
93	OFC_L	Orbital_Frontal_Complex_L	L	OFC	Fr	Orbital_and_Polar_Frontal	101.248092	155.905125	46.772628	1834
94	47s_L	Area_47s_L	L	47s	Fr	Orbital_and_Polar_Frontal	123.285457	146.215144	51.115986	1664
95	LIPd_L	Area_Lateral_IntraParietal_dorsal_L	L	LIPd	Par	Superior_Parietal	120.72028	70.784965	112.674825	572
96	6a_L	Area_6_anterior_L	L	6a	Fr	Premotor	115.421955	121.769876	126.648432	2742
97	i6-8_L	Inferior_6-8_Transitional_Area_L	L	i6-8	Fr	Dorsolateral_Prefrontal	119.66028	129.204864	127.283714	1357
98	s6-8_L	Superior_6-8_Transitional_Area_L	L	s6-8	Fr	Dorsolateral_Prefrontal	112.448914	151.434433	128.003218	1243
99	43_L	Area_43_L	L	43	Fr	Posterior_Opercular	147.447146	125.598309	80.808668	946
100	OP4_L	Area_OP4-PV_L	L	OP4	Par	Posterior_Opercular	151.038095	113.658333	86.099405	1680
101	OP1_L	Area_OP1-SII_L	L	OP1	Par	Posterior_Opercular	138.126662	103.983905	90.311407	1429
102	OP2-3_L	Area_OP2-3-VS_L	L	OP2-3	Par	Posterior_Opercular	131.5	109.658263	89.165266	714
103	52_L	Area_52_L	L	52	Temp	Early_Auditory	130.277162	105.017738	70.645233	451
104	RI_L	RetroInsular_Cortex_L	L	RI	Par	Early_Auditory	130.666225	90.109934	91.313907	755
105	PFcm_L	Area_PFcm_L	L	PFcm	Par	Early_Auditory	141.793228	93.845101	92.239193	1388
106	PoI2_L	Posterior_Insular_Area_2_L	L	PoI2	Ins	Insular_and_Frontal_Opercular	131.140744	121.382156	71.041031	2096
107	TA2_L	Area_TA2_L	L	TA2	Temp	Auditory_Association	141.08604	129.967515	63.526778	1139
108	FOP4_L	Frontal_Opercular_Area_4_L	L	FOP4	Fr	Insular_and_Frontal_Opercular	133.429119	138.892173	76.685824	1827
109	MI_L	Middle_Insular_Area_L	L	MI	Ins	Insular_and_Frontal_Opercular	127.923709	136.443075	73.143779	1704
110	Pir_L	Pirform_Cortex_L	L	Pir	Temp	Insular_and_Frontal_Opercular	122.938706	130.870602	53.682179	881
111	AVI_L	Anterior_Ventral_Insular_Area_L	L	AVI	Fr	Insular_and_Frontal_Opercular	121.113485	150.508678	67.823765	749
112	AAIC_L	Anterior_Agranular_Insula_Complex_L	L	AAIC	Ins	Insular_and_Frontal_Opercular	126.225504	139.71902	60.595101	1388
113	FOP1_L	Frontal_Opercular_Area_1_L	L	FOP1	Fr	Posterior_Opercular	140.305709	128.198895	75.653775	543
114	FOP3_L	Frontal_Opercular_Area_3_L	L	FOP3	Ins	Insular_and_Frontal_Opercular	126.0	128.96978	84.425824	364
115	FOP2_L	Frontal_Opercular_Area_2_L	L	FOP2	Fr	Insular_and_Frontal_Opercular	133.704403	121.251572	85.752621	477
116	PFt_L	Area_PFt_L	L	PFt	Par	Inferior_Parietal	146.277662	100.807933	106.926931	958
117	AIP_L	Anterior_IntraParietal_Area_L	L	AIP	Par	Superior_Parietal	130.372549	87.01364	112.687127	1173
118	EC_L	Entorhinal_Cortex_L	L	EC	Temp	Medial_Temporal	111.463631	115.664695	42.698403	1691
119	PreS_L	PreSubiculum_L	L	PreS	Temp	Medial_Temporal	109.856877	94.634758	60.597584	1076
120	H_L	Hippocampus_L	L	H	Temp	Medial_Temporal	120.203438	102.589542	54.63467	1396
121	ProS_L	ProStriate_Area_L	L	ProS	Par	Posterior_Cingulate	112.538922	71.057884	75.091816	501
122	PeEc_L	Perirhinal_Ectorhinal_Cortex_L	L	PeEc	Temp	Medial_Temporal	120.292051	116.757071	38.222388	3359
123	STGa_L	Area_STGa_L	L	STGa	Temp	Auditory_Association	139.957301	140.979968	50.18292	1897
124	PBelt_L	ParaBelt_Complex_L	L	PBelt	Temp	Early_Auditory	144.62098	100.147014	79.898162	1306
125	A5_L	Auditory_5_Complex_L	L	A5	Temp	Auditory_Association	152.259123	112.858549	68.432144	2439
126	PHA1_L	ParaHippocampal_Area_1_L	L	PHA1	Temp	Medial_Temporal	111.705833	90.678333	55.309167	1200
127	PHA3_L	ParaHippocampal_Area_3_L	L	PHA3	Temp	Medial_Temporal	124.479062	90.840871	51.123953	1194
128	STSda_L	Area_STSd_anterior_L	L	STSda	Temp	Auditory_Association	143.831461	123.554073	57.391854	1424
129	STSdp_L	Area_STSd_posterior_L	L	STSdp	Temp	Auditory_Association	143.062832	94.156637	72.083186	1130
130	STSvp_L	Area_STSv_posterior_L	L	STSvp	Temp	Auditory_Association	146.913625	91.085158	67.189173	1644
131	TGd_L	Area_TG_dorsal_L	L	TGd	Temp	Lateral_Temporal	127.26011	137.751977	35.261304	6701
132	TE1a_L	Area_TE1_anterior_L	L	TE1a	Temp	Lateral_Temporal	150.202228	122.362624	47.172277	4040
133	TE1p_L	Area_TE1_posterior_L	L	TE1p	Temp	Lateral_Temporal	152.940325	78.805713	61.515946	5111
134	TE2a_L	Area_TE2_anterior_L	L	TE2a	Temp	Lateral_Temporal	148.079856	104.370685	42.029109	3882
135	TF_L	Area_TF_L	L	TF	Temp	Medial_Temporal	132.406298	105.142089	41.219662	2604
136	TE2p_L	Area_TE2_posterior_L	L	TE2p	Temp	Lateral_Temporal	142.182155	83.665679	49.921881	2701
137	PHT_L	Area_PHT_L	L	PHT	Temp	Lateral_Temporal	150.083714	66.180795	74.12733	2843
138	PH_L	Area_PH_L	L	PH	Temp	MT+_Complex_and_Neighboring_Visual_Areas	139.578644	61.953921	65.579087	2257
139	TPOJ1_L	Area_TemporoParietoOccipital_Junction_1_L	L	TPOJ1	Temp	Temporo-Parieto-Occipital_Junction	144.16796	79.669019	81.137615	1417
140	TPOJ2_L	Area_TemporoParietoOccipital_Junction_2_L	L	TPOJ2	Par	Temporo-Parieto-Occipital_Junction	143.28	62.095686	87.299608	1275
141	TPOJ3_L	Area_TemporoParietoOccipital_Junction_3_L	L	TPOJ3	Occ	Temporo-Parieto-Occipital_Junction	133.675835	54.257367	91.510806	509
142	DVT_L	Dorsal_Transitional_Visual_Area_L	L	DVT	Occ	Posterior_Cingulate	108.042324	53.086307	103.566805	1205
143	PGp_L	Area_PGp_L	L	PGp	Occ	Inferior_Parietal	129.425332	40.278761	94.142146	1808
144	IP2_L	Area_IntraParietal_2_L	L	IP2	Par	Inferior_Parietal	131.750374	77.285501	114.758595	1338
145	IP1_L	Area_IntraParietal_1_L	L	IP1	Par	Inferior_Parietal	121.635182	55.480069	111.34922	1154
146	IP0_L	Area_IntraParietal_0_L	L	IP0	Occ	Inferior_Parietal	122.033257	45.806193	97.033257	872
147	PFop_L	Area_PF_Opercular_L	L	PFop	Par	Inferior_Parietal	154.842679	102.913551	96.221963	1284
148	PF_L	Area_PF_Complex_L	L	PF	Par	Inferior_Parietal	151.894297	89.867502	108.288348	4068
149	PFm_L	Area_PFm_Complex_L	L	PFm	Par	Inferior_Parietal	140.702334	70.065862	118.414359	5056
150	PGi_L	Area_PGi_L	L	PGi	Par	Inferior_Parietal	138.62727	61.299798	99.072355	3469
151	PGs_L	Area_PGs_L	L	PGs	Par	Inferior_Parietal	131.808463	48.857461	110.436526	3143
152	V6A_L	Area_V6A_L	L	V6A	Occ	Dorsal_Stream_Visual	112.534483	39.66092	114.188218	696
153	VMV1_L	VentroMedial_Visual_Area_1_L	L	VMV1	Occ	Ventral_Stream_Visual	110.244105	74.319001	64.307906	721
154	VMV3_L	VentroMedial_Visual_Area_3_L	L	VMV3	Occ	Ventral_Stream_Visual	119.618762	64.508982	61.017964	501
155	PHA2_L	ParaHippocampal_Area_2_L	L	PHA2	Temp	Medial_Temporal	121.389831	90.169492	58.122881	236
156	V4t_L	Area_V4t_L	L	V4t	Occ	MT+_Complex_and_Neighboring_Visual_Areas	138.695811	48.185792	74.724954	549
157	FST_L	Area_FST_L	L	FST	Occ	MT+_Complex_and_Neighboring_Visual_Areas	137.648765	57.787325	76.535983	931
158	V3CD_L	Area_V3CD_L	L	V3CD	Occ	MT+_Complex_and_Neighboring_Visual_Areas	125.152542	36.195686	81.429892	649
159	LO3_L	Area_Lateral_Occipital_3_L	L	LO3	Occ	MT+_Complex_and_Neighboring_Visual_Areas	136.842415	48.964654	85.864507	679
160	VMV2_L	VentroMedial_Visual_Area_2_L	L	VMV2	Occ	Ventral_Stream_Visual	119.360502	74.39185	66.366771	319
161	31pd_L	Area_31pd_L	L	31pd	Par	Posterior_Cingulate	102.136519	73.851536	106.767918	586
162	31a_L	Area_31a_L	L	31a	Par	Posterior_Cingulate	95.984389	88.707989	115.960514	1089
163	VVC_L	Ventral_Visual_Complex_L	L	VVC	Temp	Ventral_Stream_Visual	121.913003	74.920407	53.816752	2161
164	25_L	Area_25_L	L	25	Fr	Anterior_Cingulate_and_Medial_Prefrontal	95.291898	147.049945	57.497225	901
165	s32_L	Area_s32_L	L	s32	Fr	Anterior_Cingulate_and_Medial_Prefrontal	97.364516	159.174194	54.480645	310
166	pOFC_L	Posterior_OFC_Complex_L	L	pOFC	Fr	Anterior_Cingulate_and_Medial_Prefrontal	104.455746	137.165786	52.015852	1514
167	PoI1_L	Area_Posterior_Insular_1_L	L	PoI1	Ins	Insular_and_Frontal_Opercular	129.839378	113.685665	68.664076	1158
168	Ig_L	Insular_Granular_Complex_L	L	Ig	Ins	Insular_and_Frontal_Opercular	126.25974	110.064935	86.446429	616
169	FOP5_L	Area_Frontal_Opercular_5_L	L	FOP5	Fr	Insular_and_Frontal_Opercular	125.928129	152.826518	75.615861	807
170	p10p_L	Area_posterior_10p_L	L	p10p	Fr	Orbital_and_Polar_Frontal	114.061006	189.546541	72.976101	1590
171	p47r_L	Area_posterior_47r_L	L	p47r	Fr	Inferior_Frontal	134.951128	169.179699	72.101504	1330
172	TGv_L	Area_TG_Ventral_L	L	TGv	Temp	Lateral_Temporal	127.497751	123.922939	25.901949	3335
173	MBelt_L	Medial_Belt_Complex_L	L	MBelt	Temp	Early_Auditory	136.939267	110.757068	73.956021	955
174	LBelt_L	Lateral_Belt_Complex_L	L	LBelt	Temp	Early_Auditory	136.829565	99.368696	79.617391	575
175	A4_L	Auditory_4_Complex_L	L	A4	Temp	Auditory_Association	155.165477	104.292219	78.188243	2943
176	STSva_L	Area_STSv_anterior_L	L	STSva	Temp	Auditory_Association	142.689243	118.134462	52.832669	1004
177	TE1m_L	Area_TE1_Middle_L	L	TE1m	Temp	Lateral_Temporal	155.554922	101.395287	54.901178	2631
178	PI_L	Para-Insular_Area_L	L	PI	Temp	Insular_and_Frontal_Opercular	134.650549	124.293407	56.102198	910
179	a32pr_L	Area_anterior_32_prime_L	L	a32pr	Fr	Anterior_Cingulate_and_Medial_Prefrontal	97.782313	155.883735	101.53927	1617
180	p24_L	Area_posterior_24_L	L	p24	Fr	Anterior_Cingulate_and_Medial_Prefrontal	95.442887	162.526279	84.888577	1427
201	V1_R	Primary_Visual_Cortex_R	R	V1	Occ	Primary_Visual	78.060375	44.539286	74.333474	7089
202	MST_R	Medial_Superior_Temporal_Area_R	R	MST	Occ	MT+_Complex_and_Neighboring_Visual_Areas	43.620295	63.751227	78.013093	611
203	V6_R	Sixth_Visual_Area_R	R	V6	Occ	Dorsal_Stream_Visual	72.226868	49.256228	102.929715	1124
204	V2_R	Second_Visual_Area_R	R	V2	Occ	Early_Visual	77.026083	47.558042	76.305265	6211
205	V3_R	Third_Visual_Area_R	R	V3	Occ	Early_Visual	71.976821	41.580308	78.859282	4875
206	V4_R	Fourth_Visual_Area_R	R	V4	Occ	Early_Visual	57.656017	41.782393	71.003195	2817
207	V8_R	Eighth_Visual_Area_R	R	V8	Occ	Ventral_Stream_Visual	60.698264	51.949266	59.301736	749
208	4_R	Primary_Motor_Cortex_R	R	4	Fr	Somatosensory_and_Motor	60.980681	108.738321	126.822972	5694
209	3b_R	Primary_Sensory_Cortex_R	R	3b	Fr	Somatosensory_and_Motor	52.032115	105.85919	122.884387	2024
210	FEF_R	Frontal_Eye_Fields_R	R	FEF	Fr	Premotor	46.370874	123.157282	123.201942	1030
211	PEF_R	Premotor_Eye_Field_R	R	PEF	Fr	Premotor	45.069136	127.783951	109.748148	810
212	55b_R	Area_55b_R	R	55b	Fr	Premotor	41.45439	127.938619	119.895993	1173
213	V3A_R	Area_V3A_R	R	V3A	Occ	Dorsal_Stream_Visual	75.553398	36.584466	102.458252	1545
214	RSC_R	RetroSplenial_Complex_R	R	RSC	Par	Posterior_Cingulate	84.934198	92.434662	93.496756	1079
215	POS2_R	Parieto-Occipital_Sulcus_Area_2_R	R	POS2	Par	Posterior_Cingulate	80.662438	56.100589	108.736747	2207
216	V7_R	Seventh_Visual_Area_R	R	V7	Occ	Dorsal_Stream_Visual	62.285714	42.400534	103.668892	749
217	IPS1_R	IntraParietal_Sulcus_Area_1_R	R	IPS1	Par	Dorsal_Stream_Visual	64.710065	55.195753	111.066482	1083
218	FFC_R	Fusiform_Face_Complex_R	R	FFC	Temp	Ventral_Stream_Visual	49.72947	75.126159	51.324834	3020
219	V3B_R	Area_V3B_R	R	V3B	Occ	Dorsal_Stream_Visual	60.919386	48.422265	91.56238	521
220	LO1_R	Area_Lateral_Occipital_1_R	R	LO1	Occ	MT+_Complex_and_Neighboring_Visual_Areas	47.281977	45.175872	76.959302	688
221	LO2_R	Area_Lateral_Occipital_2_R	R	LO2	Occ	MT+_Complex_and_Neighboring_Visual_Areas	44.07	44.375	67.918333	600
222	PIT_R	Posterior_InferoTemporal_complex_R	R	PIT	Occ	Ventral_Stream_Visual	44.641614	49.954905	58.057753	1264
223	MT_R	Middle_Temporal_Area_R	R	MT	Occ	MT+_Complex_and_Neighboring_Visual_Areas	38.58547	57.830484	80.888889	702
224	A1_R	Primary_Auditory_Cortex_R	R	A1	Temp	Early_Auditory	46.328479	105.454693	81.894822	618
225	PSL_R	PeriSylvian_Language_Area_R	R	PSL	Par	Temporo-Parieto-Occipital_Junction	25.980366	89.316377	98.788934	2241
226	SFL_R	Superior_Frontal_Language_Area_R	R	SFL	Fr	Dorsolateral_Prefrontal	82.702811	141.914659	137.409639	1992
227	PCV_R	PreCuneus_Visual_Area_R	R	PCV	Par	Posterior_Cingulate	84.876497	74.045369	121.958412	1587
228	STV_R	Superior_Temporal_Visual_Area_R	R	STV	Par	Temporo-Parieto-Occipital_Junction	30.525124	81.598012	91.518498	1811
229	7Pm_R	Medial_Area_7P_R	R	7Pm	Par	Superior_Parietal	84.893683	59.192604	121.912173	649
230	7m_R	Area_7m_R	R	7m	Par	Posterior_Cingulate	85.454762	66.283333	105.271429	1260
231	POS1_R	Parieto-Occipital_Sulcus_Area_1_R	R	POS1	Par	Posterior_Cingulate	79.376277	69.248778	87.420702	2251
232	23d_R	Area_23d_R	R	23d	Par	Posterior_Cingulate	86.894973	103.731598	111.127469	1114
233	v23ab_R	Area_ventral_23_a+b_R	R	v23ab	Par	Posterior_Cingulate	86.05698	74.521368	90.964387	702
234	d23ab_R	Area_dorsal_23_a+b_R	R	d23ab	Par	Posterior_Cingulate	86.84742	84.848518	104.53787	911
235	31pv_R	Area_31p_ventral_R	R	31pv	Par	Posterior_Cingulate	80.754159	82.767098	105.438078	541
236	5m_R	Area_5m_R	R	5m	Par	Paracentral_Lobular_and_Mid_Cingulate	85.168053	86.77371	136.587354	1202
237	5mv_R	Area_5m_ventral_R	R	5mv	Par	Paracentral_Lobular_and_Mid_Cingulate	79.398401	84.221852	127.565623	1501
238	23c_R	Area_23c_R	R	23c	Par	Paracentral_Lobular_and_Mid_Cingulate	80.814159	89.430678	115.231268	1695
239	5L_R	Area_5L_R	R	5L	Par	Paracentral_Lobular_and_Mid_Cingulate	77.196914	77.524614	145.837619	1361
240	24dd_R	Dorsal_Area_24d_R	R	24dd	Fr	Paracentral_Lobular_and_Mid_Cingulate	84.408074	109.82229	124.363317	2279
241	24dv_R	Ventral_Area_24d_R	R	24dv	Fr	Paracentral_Lobular_and_Mid_Cingulate	82.241719	124.339302	118.569382	1117
242	7AL_R	Lateral_Area_7A_R	R	7AL	Par	Superior_Parietal	66.808871	72.715323	139.629032	1240
243	SCEF_R	Supplementary_and_Cingulate_Eye_Field_R	R	SCEF	Fr	Paracentral_Lobular_and_Mid_Cingulate	84.455241	131.183536	131.043635	2223
244	6ma_R	Area_6m_anterior_R	R	6ma	Fr	Paracentral_Lobular_and_Mid_Cingulate	69.698918	131.674072	137.728442	3421
245	7Am_R	Medial_Area_7A_R	R	7Am	Par	Superior_Parietal	81.616644	64.449523	132.899045	1466
246	7Pl_R	Lateral_Area_7P_R	R	7Pl	Par	Superior_Parietal	78.082592	52.547649	129.927573	787
247	7PC_R	Area_7PC_R	R	7PC	Par	Superior_Parietal	54.30504	78.639699	133.54244	2262
248	LIPv_R	Area_Lateral_IntraParietal_ventral_R	R	LIPv	Par	Superior_Parietal	62.004614	69.61707	125.258362	867
249	VIP_R	Ventral_IntraParietal_Complex_R	R	VIP	Par	Superior_Parietal	68.916533	63.23114	135.889246	623
250	MIP_R	Medial_IntraParietal_Area_R	R	MIP	Par	Superior_Parietal	63.267232	58.20226	123.986441	1770
251	1_R	Area_1_R	R	1	Par	Somatosensory_and_Motor	41.860496	104.311709	125.768987	3792
252	2_R	Area_2_R	R	2	Par	Somatosensory_and_Motor	52.428189	95.303667	122.502292	2618
253	3a_R	Area_3a_R	R	3a	Fr	Somatosensory_and_Motor	58.537415	105.608844	118.408163	1176
254	6d_R	Dorsal_area_6_R	R	6d	Fr	Premotor	53.27913	114.122216	136.10668	1931
255	6mp_R	Area_6mp_R	R	6mp	Fr	Paracentral_Lobular_and_Mid_Cingulate	75.523118	112.953763	140.165054	1860
256	6v_R	Ventral_Area_6_R	R	6v	Fr	Premotor	32.423866	132.818138	103.072554	2095
257	p24pr_R	Area_Posterior_24_prime_R	R	p24pr	Fr	Anterior_Cingulate_and_Medial_Prefrontal	85.71482	122.438623	112.543413	1336
258	33pr_R	Area_33_prime_R	R	33pr	Fr	Anterior_Cingulate_and_Medial_Prefrontal	87.197935	136.562823	100.375215	581
259	a24pr_R	Anterior_24_prime_R	R	a24pr	Fr	Anterior_Cingulate_and_Medial_Prefrontal	85.926439	145.473348	103.304904	938
260	p32pr_R	Area_p32_prime_R	R	p32pr	Fr	Anterior_Cingulate_and_Medial_Prefrontal	82.475465	140.625212	112.576142	1182
261	a24_R	Area_a24_R	R	a24	Fr	Anterior_Cingulate_and_Medial_Prefrontal	85.878669	164.201566	70.600783	1533
262	d32_R	Area_dorsal_32_R	R	d32	Fr	Anterior_Cingulate_and_Medial_Prefrontal	83.510986	164.846197	98.791549	1775
263	8BM_R	Area_8BM_R	R	8BM	Fr	Anterior_Cingulate_and_Medial_Prefrontal	85.561807	157.006339	117.958003	2524
264	p32_R	Area_p32_R	R	p32	Fr	Anterior_Cingulate_and_Medial_Prefrontal	82.359393	174.618436	69.042007	857
265	10r_R	Area_10r_R	R	10r	Fr	Anterior_Cingulate_and_Medial_Prefrontal	85.146262	172.751896	60.15493	923
266	47m_R	Area_47m_R	R	47m	Fr	Orbital_and_Polar_Frontal	57.754386	157.371517	53.686275	969
267	8Av_R	Area_8Av_R	R	8Av	Fr	Dorsolateral_Prefrontal	51.352616	145.949195	120.685614	3976
268	8Ad_R	Area_8Ad_R	R	8Ad	Fr	Dorsolateral_Prefrontal	67.233301	158.5722	113.623772	2036
269	9m_R	Area_9_Middle_R	R	9m	Fr	Anterior_Cingulate_and_Medial_Prefrontal	83.868691	181.249145	91.301967	4676
270	8BL_R	Area_8B_Lateral_R	R	8BL	Fr	Dorsolateral_Prefrontal	78.91626	168.845999	120.171207	3487
271	9p_R	Area_9_Posterior_R	R	9p	Fr	Dorsolateral_Prefrontal	71.348837	176.911205	105.233263	1419
272	10d_R	Area_10d_R	R	10d	Fr	Orbital_and_Polar_Frontal	81.086781	193.730216	74.665468	2224
273	8C_R	Area_8C_R	R	8C	Fr	Dorsolateral_Prefrontal	50.37308	145.14594	108.576811	2734
274	44_R	Area_44_R	R	44	Fr	Inferior_Frontal	37.055203	145.308467	85.935472	2681
275	45_R	Area_45_R	R	45	Fr	Inferior_Frontal	39.515005	153.265247	72.484511	2066
276	47l_R	Area_47l_(47_lateral)_R	R	47l	Fr	Inferior_Frontal	46.146087	158.131594	56.831304	1725
277	a47r_R	Area_anterior_47r_R	R	a47r	Fr	Inferior_Frontal	52.625557	178.539747	62.249629	2692
278	6r_R	Rostral_Area_6_R	R	6r	Fr	Premotor	39.694803	135.156311	86.720594	2559
279	IFJa_R	Area_IFJa_R	R	IFJa	Fr	Inferior_Frontal	50.829828	143.133843	95.51434	523
280	IFJp_R	Area_IFJp_R	R	IFJp	Fr	Inferior_Frontal	54.052897	133.420655	99.677582	397
281	IFSp_R	Area_IFSp_R	R	IFSp	Fr	Inferior_Frontal	44.515479	155.734341	89.435565	1389
282	IFSa_R	Area_IFSa_R	R	IFSa	Fr	Inferior_Frontal	42.045036	164.740532	73.742068	1954
283	p9-46v_R	Area_posterior_9-46v_R	R	p9-46v	Fr	Dorsolateral_Prefrontal	43.648143	159.269405	97.278164	3311
284	46_R	Area_46_R	R	46	Fr	Dorsolateral_Prefrontal	54.973373	167.290598	102.286325	3042
285	a9-46v_R	Area_anterior_9-46v_R	R	a9-46v	Fr	Dorsolateral_Prefrontal	50.407407	178.769841	79.984127	1890
286	9-46d_R	Area_9-46d_R	R	9-46d	Fr	Dorsolateral_Prefrontal	61.307805	176.773458	93.881321	3421
287	9a_R	Area_9_anterior_R	R	9a	Fr	Dorsolateral_Prefrontal	70.836969	188.89409	90.121777	2521
288	10v_R	Area_10v_R	R	10v	Fr	Anterior_Cingulate_and_Medial_Prefrontal	87.511155	176.704016	52.646009	2017
289	a10p_R	Area_anterior_10p_R	R	a10p	Fr	Orbital_and_Polar_Frontal	66.79639	188.730686	61.363177	1385
290	10pp_R	Polar_10p_R	R	10pp	Fr	Orbital_and_Polar_Frontal	79.325648	188.469741	53.417291	1735
291	11l_R	Area_11l_R	R	11l	Fr	Orbital_and_Polar_Frontal	65.791587	172.746973	54.321224	3138
292	13l_R	Area_13l_R	R	13l	Fr	Orbital_and_Polar_Frontal	70.701739	152.646957	50.322609	1150
293	OFC_R	Orbital_Frontal_Complex_R	R	OFC	Fr	Orbital_and_Polar_Frontal	83.615202	158.638955	45.933017	2105
294	47s_R	Area_47s_R	R	47s	Fr	Orbital_and_Polar_Frontal	60.445039	146.166964	51.135472	1683
295	LIPd_R	Area_Lateral_IntraParietal_dorsal_R	R	LIPd	Par	Superior_Parietal	60.154362	70.736018	115.630872	447
296	6a_R	Area_6_anterior_R	R	6a	Fr	Premotor	64.183119	124.292844	124.65945	2725
297	i6-8_R	Inferior_6-8_Transitional_Area_R	R	i6-8	Fr	Dorsolateral_Prefrontal	58.342047	134.887653	128.925473	1798
298	s6-8_R	Superior_6-8_Transitional_Area_R	R	s6-8	Fr	Dorsolateral_Prefrontal	70.548089	149.926634	130.08693	1622
299	43_R	Area_43_R	R	43	Fr	Posterior_Opercular	34.231572	127.220516	81.591523	1628
300	OP4_R	Area_OP4-PV_R	R	OP4	Par	Posterior_Opercular	31.065974	115.43372	85.110568	1637
301	OP1_R	Area_OP1-SII_R	R	OP1	Par	Posterior_Opercular	45.814286	107.14898	89.419388	980
302	OP2-3_R	Area_OP2-3-VS_R	R	OP2-3	Par	Posterior_Opercular	51.053528	111.892944	90.335766	411
303	52_R	Area_52_R	R	52	Ins	Early_Auditory	52.031915	105.12766	73.634752	282
304	RI_R	RetroInsular_Cortex_R	R	RI	Par	Early_Auditory	46.93904	94.059663	90.975357	771
305	PFcm_R	Area_PFcm_R	R	PFcm	Par	Early_Auditory	42.446673	98.010939	94.233364	1097
306	PoI2_R	Posterior_Insular_Area_2_R	R	PoI2	Ins	Insular_and_Frontal_Opercular	50.080778	122.827214	71.63067	2315
307	TA2_R	Area_TA2_R	R	TA2	Temp	Auditory_Association	39.836312	130.301644	63.779843	1399
308	FOP4_R	Frontal_Opercular_Area_4_R	R	FOP4	Fr	Insular_and_Frontal_Opercular	50.523336	141.361132	77.437643	1307
309	MI_R	Middle_Insular_Area_R	R	MI	Ins	Insular_and_Frontal_Opercular	52.77037	135.922222	73.7	1350
310	Pir_R	Pirform_Cortex_R	R	Pir	Temp	Insular_and_Frontal_Opercular	57.555081	133.362084	52.703672	1171
311	AVI_R	Anterior_Ventral_Insular_Area_R	R	AVI	Ins	Insular_and_Frontal_Opercular	58.445161	150.95914	67.72043	930
312	AAIC_R	Anterior_Agranular_Insula_Complex_R	R	AAIC	Ins	Insular_and_Frontal_Opercular	54.936552	141.408966	60.337241	1450
313	FOP1_R	Frontal_Opercular_Area_1_R	R	FOP1	Fr	Posterior_Opercular	43.638509	131.004969	75.765217	805
314	FOP3_R	Frontal_Opercular_Area_3_R	R	FOP3	Ins	Insular_and_Frontal_Opercular	56.149813	133.580524	83.445693	267
315	FOP2_R	Frontal_Opercular_Area_2_R	R	FOP2	Ins	Insular_and_Frontal_Opercular	49.524038	122.612981	86.716346	416
316	PFt_R	Area_PFt_R	R	PFt	Par	Inferior_Parietal	36.126206	103.276912	110.400148	1347
317	AIP_R	Anterior_IntraParietal_Area_R	R	AIP	Par	Superior_Parietal	53.147097	85.464516	115.539355	1550
318	EC_R	Entorhinal_Cortex_R	R	EC	Temp	Medial_Temporal	70.108232	115.451982	45.18064	1312
319	PreS_R	PreSubiculum_R	R	PreS	Temp	Medial_Temporal	70.221751	95.334746	62.004237	708
320	H_R	Hippocampus_R	R	H	Temp	Medial_Temporal	60.712375	103.927258	54.33194	1196
321	ProS_R	ProStriate_Area_R	R	ProS	Par	Posterior_Cingulate	70.101423	77.854093	73.617438	562
322	PeEc_R	Perirhinal_Ectorhinal_Cortex_R	R	PeEc	Temp	Medial_Temporal	63.003326	117.21583	36.977054	3007
323	STGa_R	Area_STGa_R	R	STGa	Temp	Auditory_Association	41.594035	142.606208	49.973828	1643
324	PBelt_R	ParaBelt_Complex_R	R	PBelt	Temp	Early_Auditory	33.096591	107.575487	79.568994	1232
325	A5_R	Auditory_5_Complex_R	R	A5	Temp	Auditory_Association	29.134363	113.095062	68.029224	2977
326	PHA1_R	ParaHippocampal_Area_1_R	R	PHA1	Temp	Medial_Temporal	70.162458	92.5	55.005892	1188
327	PHA3_R	ParaHippocampal_Area_3_R	R	PHA3	Temp	Medial_Temporal	56.793319	89.695198	55.185804	479
328	STSda_R	Area_STSd_anterior_R	R	STSda	Temp	Auditory_Association	38.705061	125.180919	55.141361	1719
329	STSdp_R	Area_STSd_posterior_R	R	STSdp	Temp	Auditory_Association	41.526702	98.094126	69.690254	1498
330	STSvp_R	Area_STSv_posterior_R	R	STSvp	Temp	Auditory_Association	30.95466	98.034257	65.971788	1985
331	TGd_R	Area_TG_dorsal_R	R	TGd	Temp	Lateral_Temporal	55.264395	140.071941	34.559763	7103
332	TE1a_R	Area_TE1_anterior_R	R	TE1a	Temp	Lateral_Temporal	32.156938	125.713112	43.546788	3409
333	TE1p_R	Area_TE1_posterior_R	R	TE1p	Temp	Lateral_Temporal	27.790845	84.652057	59.44899	4107
334	TE2a_R	Area_TE2_anterior_R	R	TE2a	Temp	Lateral_Temporal	35.763051	107.785779	39.880513	4444
335	TF_R	Area_TF_R	R	TF	Temp	Medial_Temporal	49.626318	105.570338	41.435842	2751
336	TE2p_R	Area_TE2_posterior_R	R	TE2p	Temp	Lateral_Temporal	41.843798	89.348137	49.277693	1959
337	PHT_R	Area_PHT_R	R	PHT	Temp	Lateral_Temporal	30.004594	73.093109	65.673201	3265
338	PH_R	Area_PH_R	R	PH	Temp	MT+_Complex_and_Neighboring_Visual_Areas	41.367731	64.734587	61.13861	2287
339	TPOJ1_R	Area_TemporoParietoOccipital_Junction_1_R	R	TPOJ1	Temp	Temporo-Parieto-Occipital_Junction	36.339798	82.305051	82.842828	2475
340	TPOJ2_R	Area_TemporoParietoOccipital_Junction_2_R	R	TPOJ2	Par	Temporo-Parieto-Occipital_Junction	34.431659	69.409508	81.67477	1851
341	TPOJ3_R	Area_TemporoParietoOccipital_Junction_3_R	R	TPOJ3	Par	Temporo-Parieto-Occipital_Junction	44.569097	65.107726	91.621328	919
342	DVT_R	Dorsal_Transitional_Visual_Area_R	R	DVT	Par	Posterior_Cingulate	71.658746	57.291089	104.820462	1515
343	PGp_R	Area_PGp_R	R	PGp	Par	Inferior_Parietal	45.491584	48.937135	98.336654	2911
344	IP2_R	Area_IntraParietal_2_R	R	IP2	Par	Inferior_Parietal	49.719313	79.054936	117.186266	1165
345	IP1_R	Area_IntraParietal_1_R	R	IP1	Par	Inferior_Parietal	56.10469	57.245394	114.665829	1194
346	IP0_R	Area_IntraParietal_0_R	R	IP0	Par	Inferior_Parietal	56.220528	48.778455	98.620935	984
347	PFop_R	Area_PF_Opercular_R	R	PFop	Par	Inferior_Parietal	28.000702	105.724719	95.294944	1424
348	PF_R	Area_PF_Complex_R	R	PF	Par	Inferior_Parietal	29.656612	96.343693	111.425046	3282
349	PFm_R	Area_PFm_Complex_R	R	PFm	Par	Inferior_Parietal	38.024068	76.292314	117.520769	5152
350	PGi_R	Area_PGi_R	R	PGi	Par	Inferior_Parietal	37.886767	66.21809	101.865327	2985
351	PGs_R	Area_PGs_R	R	PGs	Par	Inferior_Parietal	45.735542	57.616193	114.445321	1902
352	V6A_R	Area_V6A_R	R	V6A	Par	Dorsal_Stream_Visual	66.971053	43.206579	117.961842	760
353	VMV1_R	VentroMedial_Visual_Area_1_R	R	VMV1	Occ	Ventral_Stream_Visual	71.942782	73.198944	63.584507	1136
354	VMV3_R	VentroMedial_Visual_Area_3_R	R	VMV3	Occ	Ventral_Stream_Visual	62.83642	64.92284	61.896605	648
355	PHA2_R	ParaHippocampal_Area_2_R	R	PHA2	Temp	Medial_Temporal	60.39823	91.648968	57.716814	339
356	V4t_R	Area_V4t_R	R	V4t	Occ	MT+_Complex_and_Neighboring_Visual_Areas	41.209816	53.52638	69.720245	815
357	FST_R	Area_FST_R	R	FST	Occ	MT+_Complex_and_Neighboring_Visual_Areas	38.91249	62.962609	72.511535	1257
358	V3CD_R	Area_V3CD_R	R	V3CD	Occ	MT+_Complex_and_Neighboring_Visual_Areas	51.141138	43.050328	83.778993	914
359	LO3_R	Area_Lateral_Occipital_3_R	R	LO3	Par	MT+_Complex_and_Neighboring_Visual_Areas	41.930187	53.481809	85.433628	1017
360	VMV2_R	VentroMedial_Visual_Area_2_R	R	VMV2	Occ	Ventral_Stream_Visual	62.482	72.616	65.532	500
361	31pd_R	Area_31pd_R	R	31pd	Par	Posterior_Cingulate	77.37785	74.687296	107.338762	307
362	31a_R	Area_31a_R	R	31a	Par	Posterior_Cingulate	83.9	85.809091	114.561039	770
363	VVC_R	Ventral_Visual_Complex_R	R	VVC	Temp	Ventral_Stream_Visual	61.276977	79.81999	52.749876	2011
364	25_R	Area_25_R	R	25	Fr	Anterior_Cingulate_and_Medial_Prefrontal	87.037037	143.861454	58.698217	729
365	s32_R	Area_s32_R	R	s32	Fr	Anterior_Cingulate_and_Medial_Prefrontal	86.948307	156.390374	55.54902	561
366	pOFC_R	posterior_OFC_Complex_R	R	pOFC	Fr	Anterior_Cingulate_and_Medial_Prefrontal	77.656757	138.762838	52.856757	1480
367	PoI1_R	Area_Posterior_Insular_1_R	R	PoI1	Ins	Insular_and_Frontal_Opercular	52.45642	115.341143	68.178069	1067
368	Ig_R	Insular_Granular_Complex_R	R	Ig	Ins	Insular_and_Frontal_Opercular	54.984127	112.0839	86.482993	441
369	FOP5_R	Area_Frontal_Opercular_5_R	R	FOP5	Ins	Insular_and_Frontal_Opercular	53.738178	153.878893	75.189158	867
370	p10p_R	Area_posterior_10p_R	R	p10p	Fr	Orbital_and_Polar_Frontal	66.879454	187.415677	72.800475	1684
371	p47r_R	Area_posterior_47r_R	R	p47r	Fr	Inferior_Frontal	44.467343	172.381737	65.509195	1577
372	TGv_R	Area_TG_Ventral_R	R	TGv	Temp	Lateral_Temporal	56.653745	123.570388	25.638589	3431
373	MBelt_R	Medial_Belt_Complex_R	R	MBelt	Temp	Early_Auditory	43.806818	111.762784	74.931818	704
374	LBelt_R	Lateral_Belt_Complex_R	R	LBelt	Temp	Early_Auditory	41.808564	101.870277	81.278338	794
375	A4_R	Auditory_4_Complex_R	R	A4	Temp	Auditory_Association	25.519804	111.76766	76.545529	2449
376	STSva_R	Area_STSv_anterior_R	R	STSva	Temp	Auditory_Association	32.924419	117.527907	54.337791	1720
377	TE1m_R	Area_TE1_Middle_R	R	TE1m	Temp	Lateral_Temporal	26.146605	102.236497	53.246528	2592
378	PI_R	Para-Insular_Area_R	R	PI	Temp	Insular_and_Frontal_Opercular	47.013363	123.157016	57.926503	898
379	a32pr_R	Area_anterior_32_prime_R	R	a32pr	Fr	Anterior_Cingulate_and_Medial_Prefrontal	81.723096	153.990326	102.516324	827
380	p24_R	Area_posterior_24_R	R	p24	Fr	Anterior_Cingulate_and_Medial_Prefrontal	86.096222	161.202423	88.541696	1403
